id,title,body,program,question_id,question_response,order,links
1,🍃 My Use,"No matter how much you use, a break allows you to take a step back as noted above. 
Use this time to examine what you are getting when you use each week:
What is happening on that day that makes you want to use? 
What is the trigger for that day(s)? 

It is also helpful to examine what happens on the days you don't use. 
Do you have responsibilities that using could impact? 

🧖‍♂️🔎Whatever the reason, use this time for growth and intention. It is also important to remember that some of the messages may not exactly apply. Take what you can get and leave the rest.",clear30,Days-Using,About once a week or less,2,
2,🍃 My Use,"Using a few days a week and not on other days, gives you a leg up on exploring why you use, what you get out of it, and what you may not. 

- What is happening on those days that make you want to use? 
- What is the trigger for those days? How do you feel the next day? 
- What is happening on the days you don't use?
- Do you have external responsibilities that using would impact? 
- What are those days like?  

It is also important to remember that some of the messages may not exactly apply. Take what you can get and leave the rest.",clear30,Days-Using,2-3 days a week,2,
3,🎯 My Future Goals,"It seems like you've already started digging deep into your relationship with cannabis and have come to the conclusion that a full stop is a path that suits you best. Congratulations on taking this significant step! 

🎉There is no question, it is the best way to truly disrupt your routines and patterns. The next 30 days are the foundation to help you meet your long-term goals.

💜☯️ We recommend two things based on your long-term goals. First, embrace your new identity. Embrace being someone who doesn't use weed. This is who you are. When you reinvent your identity, it makes it way easier to deal with temptations.

🤝👨‍👧‍👦 Second, connect with others who either have the same goals or will support your goals. Research shows that this one thing increases your chances of success. Who are some people you can do Clear30 with? Who are some friends who don't really use that will be safe for you right now?
If you do not have people you know, that is okay. Here are two different groups/threads where you can get and offer feedback.

Don't forget, this journey is yours. Be kind to yourself.During the launch, you don’t have to do anything else!",clear30,Then-What,I want to stop cannabis/weed use entirely,7,"{""Marijuana Anonymous: Online and Person Support Groups (Great for local connections)"":""https://marijuana-anonymous.org/""}"
4,🏡 My Triggers: Availability,"Times have changed, and now weed is everywhere.

🍃🌐In the past, getting it took effort, which naturally led to breaks. 
Increased availability makes quitting for any period of time tougher. This shift makes weed more like alcohol - it's present wherever you go. 
So, the responsibility is now on you, which can feel challenging.

Start by recognizing places you can steer clear of, as these are within your control. Then, focus on building your ability to resist by learning coping strategies, practicing strengthening meditations, and leaning on your social circle for support. 🤝",clear30,Trigger,It is available around me generally,5,
5,🎯 My Future Goals,"As you start Clear30, knowing what you will do after is important.

It sounds like you have already done some work exploring your relationship and realized that you want to reduce the amount you are currently using. That is great!
🎉The next 30 days is the foundation to help you meet your goals by providing you with information, skills, and support to learn how to cope without weed, which gives you the power to moderate successfully.Research shows that hanging out or interacting with people who support your goals increases your chances of success significantly. 

Over the next 30 days, spend time with supportive friends who ideally are not using.🤝👨‍👧‍👦 Second, get community support. Here is a Reddit support group focused on using safely (not stopping) to check out. It also has t-break support.

Don't forget, this journey is yours. Be kind to yourself. During the launch, you don't have to do anything else! You will start receiving messages tomorrow!",clear30,Then-What,I want to use less or use differently,7,"{""The Reddit Pertioles Group: A community of 124,000 people providing text-based support for each other"":""https://www.reddit.com/r/Petioles/""}"
6,🎯 My Future Goals,"It sounds like you are exploring what you want to do after Clear30, which makes total sense! 🎉 That's what this program is designed to help with.

The first thing we recommend is to get a notebook or journal and write your thoughts and feelings about your relationship with cannabis every morning for 5 minutes. Don't worry if you miss a day. 

💚🤍Also, regardless of your goal, we recommend this Reddit support group focused on moderate use with lots of people doing breaks.

Don't forget, this journey is yours. Be kind to yourself.During the launch, you don't have to do anything else! You will start receiving messages tomorrow!",clear30,Then-What,I don’t know right now,7,"{""The Reddit Pertioles Group: A community of 124,000 people providing text-based support for each other"":""https://www.reddit.com/r/Petioles/""}"
7,😴 My Triggers: Boredom,"Boredom is one of the main reasons people have trouble completing a 30-day break.✅ 

Overcoming boredom requires :
1- planning activities (can be anything)
2- being spontaneous and getting out of your head by doing something in the moment, and
3- learning to embrace and appreciate boredom as a chance to clear your mind. 😤",clear30,Trigger,Reduce boredom,5,
8,🎭 My Triggers: Shift Thinking,"Being creative is about the outcome, what you produce.Weed may actually make you more creative. 

It may make you think you are more creative when you are not. Whatever it is doing, focus on the outcome.

Is the weed a kickstarter or the reason you are creative? 

What happens if you put the same effort into taking a creative risk when not using it? What is the product then?

You value creativity, so be curious about what the next 30 days will create. 💡",clear30,Trigger,Enhance creativity,5,
9,🍃 My Use,"Having a couple of days a week where you do not use gives you a leg up on exploring why you use, what you get out of it, and what you may not. 

- What is happening on those days that make you want to use? 
- What is the trigger for those days? What is happening on the days you don't use? 
- Do you have external responsibilities that using could impact or do you just need a break? 
- What are those days like? 
- Do you have hangover effects, and feel worse or better?

Now that you are taking a break, you can explore your relationship for real because, after 1-2 weeks or so, you can see what days are like without the carryover effects of the days you use.",clear30,Days-Using,4-5 days a week,2,
10,🍃 My Use,"Taking a break is most important for people who are using nearly every day. When we use every day, it is really hard to see what life is like without weed.It will likely be hard, especially in the beginning, because your brain and body haven't had any real time off to reset your endocannabinoid system. 

🧠🙅‍♀️ This is why you are here. Now that you are taking a break, you can explore your relationship for real because, after 1-2 weeks or so, you can see what days are like without the carryover effects of the days you use. For today, focus on your preparation for Clear30.",clear30,Days-Using,6-7 days a week,2,
11,✨ My Triggers: Enhancing Activities,"🍃Weed often makes everyday tasks less boring and can (or cannot) enhance certain things like music. 

To pretend that is not happening for some people is silly. 
But go in eyes wide open. Any drug will make everyday tasks less boring. 

The question is do you want to be reliant on a substance to do the dishes or watch a movie 🍽️🎥.

Is it making it better, is it making it more tolerable, or something in between? Clear30 allows you to explore what everyday life is like without weed.",clear30,Trigger,"Wanting to enhance things chores, work, or movies or music",5,
12,🙇‍♀️ My Triggers: I Like It,"It's okay not to exactly know what triggers you, other than that you just like being high right now. This is actually the exact reason for Clear30. 

It's like asking someone why they like their friends, and them saying, 'I just like them.' What about them do you like? 📝 What is that feeling when you are with them that makes you want to be with them?",clear30,Trigger,Just like being high,5,
13,👥 My Triggers: Friends,"Many people mention that using weed has become a big part of their social life. For some, it becomes a shared experience and even acts like a bond between friends. 

Deciding to take a break might affect these friendships, especially if everyone isn't on the same page in their journey. 
However, usually, our real friends want us to succeed and be happy. 

To make the most of your Clear30, we suggest: 
1- Finding a friend who also wants to take a break. Doing it together can make the journey easier. 🤝💪
2- Letting your friends know about your decision - whether you are doing it alone or with someone. 

It's a good way to see who truly supports your choices, no matter what their own path might be.❤️🤗",clear30,Trigger,My friends,5,
14,💖 My Triggers: Close Connections,"Our closest relationships provide us with a feeling of safety and the assurance that someone genuinely cares for us, and we for them.
This is why it becomes especially challenging when a close friend or partner encourages behavior that might not be in our best interest, like using weed.

🍃The most important step you can take is to have an honest conversation with them about your Clear30 intentions. Explain why taking a break from weed is essential for your well-being. 

🌟It might be beneficial for both of you to take a break together. This way, you can reevaluate the role weed plays in your relationship. If they decide to join you on this break, that's wonderful. 

However, if they choose a different path, that's okay too. Everyone has their unique journey.Regardless, it's crucial to discuss your feelings and seek their understanding and support. That's what loved ones do for each other. ✨🤝✨",clear30,Trigger,My closest friend / partner,5,
15,😓 My Triggers: Stress,"Stress is a trigger to use for many people. When we're stressed, substances like weed seem to offer quick relief and a sense of reward in our brains. 

🍃💨 However, there's a catch, often called the boomerang effect. 
While weed might have been effective at first, over time, it might only mask the problem without addressing the root cause of your stress. During your Clear30, proactively find alternative ways to manage stress before it takes hold. 

This might include exercise, meditation, focused breathing, and seeking therapy or coaching. The catch - it takes work! It is not a quick fix. Clear30 is designed to help make it easier for you to do things that are hard!",clear30,Trigger,Stress relief / relax,5,
16,🧠 Age Matters,"You are giving your brain the best gift ever by taking a break at your age. The research is clear. 

Using weed regularly at your age not only increases your chance of mental health problems now but also increases your chance of problems later because your brain actually develops differently - and not in the good kind of way 🙇‍♀️😔. 

Be really proud of yourself and make sure your brain buys you a thank you gift.💚",clear30,LO-Age,21-25,4,
17,⚠️ My Triggers: The Withdrawal Loop,"Withdrawal is real. 

Luckily, there are things you can do to lessen your withdrawal symptoms, which we will send to you tomorrow in the full program. 

One major thing is to prepare yourself to feel bad for a few days - we know it is not what you wanted to hear. Consider a taper if you have not tried it before. It can lessen withdrawal significantly. 💔😤",clear30,Trigger,Reduce/stop withdrawal symptoms,5,
18,🧠 Age Matters,"Around age 28, we often re-evaluate our lives. We look at how our circumstances and the choices we make may be affecting our future. This makes it the perfect time to Clear30. 

It also matters now because the younger you are, the more weed affects your brain development. So, if you started smoking or using before you were 25, the consequences of use on your brain are worse. The great thing is they can be reversed in most cases. 🔄💪",clear30,LO-Age,26-30,4,
19,💆 Age Matters,"As we get older, we start to think about how our actions are affecting our own life and the lives of the people around us. 

⚖️ Reevaluating your use at mid-life allows you to evaluate more than just your cannabis use but also all aspects of your life and how cannabis relates to it.One of the things that will be important now is to ask yourself if weed is holding you back in any aspect of your life, whether it is your career, relationships, purpose, or just the clarity of thought.👨‍👧‍👦💚🧩",clear30,LO-Age,31-40,4,
20,💆 Age Matters,"Individuals in their 50-60s are one of the fastest-growing populations of cannabis users. 

Cannabis affects older adults differently than those in their 20s in good and bad ways. Generally (not always), the effects are more intense and potentially problematic by isolating you in your own world.

At your age, it is usually less social and more about an internal experience when you use more than occasionally. Whether it is for sleep, pain, or just to relax, now is a time to explore how you can get those benefits without cannabis while you are breaking.

You also should let your healthcare professional know how much you use as it may interfere with medications without you realizing it.",clear30,LO-Age,51-64,4,
21,🧟‍♂️ My Triggers: Pain Relief,"Studies have shown that cannabis can relieve pain. The question is not whether it relieves pain, but how it relieves pain. There is significant evidence that a portion of the pain relief is due to both placebo and shifting your mind away from the pain. 

🤍💡 During Clear30, examine other ways, especially mindfulness as well as OTC medications like ibuprofen or other nonsteroidal anti-inflammatory drugs (NSAIDs) if your doctor allows, to relieve pain. 
The goal of a break is to explore your pain and different ways to relieve it without cannabis over the next 30 days. 

After your break, it could be that you go back because it is the only thing that helps. After your break, you may realize it is a combination of factors that work. That is for you to decide. Good luck on your journey and be sure to speak with your doctor about your plans.",clear30,Trigger,Relieve pain,5,
22,💆 Age Matters,"As we get older, we start to think about how our actions are affecting our own life, and the lives of people around us.

Reevaluating your use at mid-life allows you to evaluate more than just your cannabis use, but all aspects of your life and how cannabis relates to it.",clear30,LO-Age,41-50,4,
24,🎯 Mission Full Break,"Hooray, _CLIENTNAME_! 🥳 

As of today, you are someone who doesn't use weed for the next 30 days. It is your identity.Own it. A full break is a great way to gain insight into how cannabis is impacting your life.

🧐Going cold turkey may mean you may experience more withdrawal symptoms than if you were to taper off gradually. 🌡️📈 But here's the good news: cannabis will leave your system faster, allowing you to get the benefits quicker. 

Don't worry either, you will get much more guidance on withdrawal and other topics throughout Clear30 if you choose to do the full program.",clear30,Goal30,I want to completely stop,1,
25,🎯 My Clear30 Goals: Taper then Full Break,"_CLIENTNAME_, you've chosen to begin your Clear30 journey with a taper, a gradual reduction in your cannabis use before completely breaking. 

This is a way to ease into your goals without being overwhelmed by withdrawal.Sticking to your tapering plan is important but there are no right answers. 

You have to listen to your body. Don't worry either, you will get much more guidance on withdrawal and other topics throughout Clear30 if you choose to do the full program.",clear30,Goal30,"I want to taper for a few days, then stop",1,
28,🎯 My Clear30 Goals: The Path of Discovery,"👏 Round of applause for being honest with yourself, _CLIENTNAME_!

It's okay not knowing how your Clear30 journey will unfold. It's a clear reflection of your self-awareness, and this in itself is a huge win. 🏆",clear30,Goal30,I don't know right now,1,
32,🛑 T-Break,"Taking a T-break is a smart choice. It really helps you gain control over your use so it is for intentional enhancement and joy, rather than craving and escape.

To make things easier on yourself, over the next 30 days, seek support from people taking a break, who will support your goals and not use around you, or who don't use at all. Who can you do Clear30 with? 🤝👨‍👧‍👦

Here is a Reddit support group focused on using safely (not stopping) to check out. It also has break support for your Clear30.

Don't forget, this journey is yours. Be kind to yourself.During the launch, you don’t have to do anything else!",clear30,Then-What,I want to use the same,7,
33,💆 Age Matters,"Cannabis affects older adults differently than those in their 20s in good and bad ways. Generally (not always), the effects are more intense and potentially problematic while and after your use (e.g. significant increases in falls and cognitive slowing), but less harmful to your brain over the long-term. 

You also need to let your healthcare professional know how much you use as it may interfere with medications",clear30,LO-Age,65+,4,
34,🌙 My Triggers: Trouble Sleeping,"The relationship between sleep and weed is complex. 

It can take your mind off things so you don't ruminate as much but it also causes problems getting you into REM sleep and can actually cause arousal at night. 

🌀😴 Here is our favorite body scan meditation from the UCLA Mindfulness Center.",clear30,Trigger,To fall asleep,5,"{""Body Scan for Sleep"":""https://d1cy5zxxhbcbkk.cloudfront.net/guided-meditations/Body-Scan-for-Sleep.mp3""}"
35,🔄 Reset and Renew,"🔥 You are especially badass for taking a break knowing how much benefit you report from weed. 

Remember, even the best things in life can use a pause.This break could gift you with enhanced clarity, a significant reduction in tolerance, better relationships with people concerned about your use, and an opportunity to reset your brain. 

🌀Embrace this time as a period of rejuvenation and growth to figure out the role of weed in your life.

**Note:** Some of the messages may not apply to you or could even frustrate you given your current relationship. Take what you can from Clear30 and leave the rest! 💪🧠🌟",clear30,Help-Harm,Mostly helping more than harming,6,
36,⚖️ Exploring Ambivalence,"It sounds like weed is offering some good and bad things in your life, and you are trying to figure out how to manage it.

💭 Think about what triggered you to take a break and hold on to it. Write down why you are breaking. Is it the desire for enhanced clarity, a reduction in tolerance, or an opportunity to reset your brain?Embrace this time as a period of rejuvenation and growth to figure out the role of weed in your life. 

This is exactly why you are here! 💪🧠🌟",clear30,Help-Harm,Equally Helping and Harming (but in different ways),6,
37,🔄 Reset and Renew,"It sounds like weed is offering more good than bad in your life, but there are some things that aren't perfect about your relationship. Even the best things in life can use a pause.💭 Think about what triggered you to take a break. Is it the desire for enhanced clarity, a significant reduction in tolerance, better relationships with people concerned about your use, or an opportunity to reset your brain?Embrace this time as a period of rejuvenation and growth to figure out the role of weed in your life.**Note:** Some of the messages may not apply to you or could even frustrate you given your current relationship. Take what you can from Clear30 and leave the rest! 💪🧠🌟",clear30,Help-Harm,Somewhat helping more than harming,6,
38,🌟 Confronting Consequences,"It sounds like weed has really started to interfere with the person you want to be, and you want to rethink your relationship.

💭📝 Our number one piece of advice for you is to write down or record yourself saying all the reasons you want to change right now because they are real. We will send you messages as you do your Clear30 to explore this more, but our brains often trick us into thinking things were not so bad as time progresses.

👉 Think about what triggered you to take a break and hold on to it. Think about all the ways you can avoid the harm while learning to experience joy.Embrace this time as a period of rejuvenation and growth to figure out the role of weed in your life and how you can live to your fullest potential to become the person you know you can be. 💪🧠🌟",clear30,Help-Harm,Mostly harming more than helping,6,
39,⚖️ Exploring Ambivalence,"It sounds like weed has started to interfere with the person you want to be, and you want to rethink your relationship.

📝 Our number one piece of advice for you is to write down or record yourself saying all the reasons you want to change right now. We will send you messages as you do your Clear30 to explore this more, but our brains often trick us into forgetting our 'why' over time when we don't record the reasons early.

Think about what triggered you to take a break and hold on to it. 
Is it the desire for enhanced clarity, a reduction in consequences, or an opportunity to reset your brain?

Embrace this time as a period of rejuvenation and growth to figure out the role of weed in your life and how you can live to your fullest potential to become the person you know you can be. 💪🧠🌟",clear30,Help-Harm,Somewhat harming more than helping,6,
42,🧠 Age Matters,"You are giving your brain the best gift ever by taking a break at your age. The research is clear. Using weed regularly at your age not only increases your chance of mental health problems now but also increases your chance of problems later because your brain actually develops differently - and not in the good kind of way 🙇‍♀️😔.

Be really proud of yourself and make sure your brain buys you a thank you gift.

💚Also, please note that as someone under the legal age of use, we do not endorse cannabis use. While some educational messages mention reduced potency and frequency of use, it is for harm reduction purposes if you choose to use again after Clear30. We are not condoning cannabis use in individuals under the legal age.",clear30,LO-Age,18-20,4,
43,📲 Your Personalized Feedback,"We've analyzed your responses and compiled some tailored information to help you get started with your Clear30 journey.

Don't worry, we've also saved this for later.

Let's dive in!",clear30,,,0,