id,day,hour,min_offset,program,matches_program_time,question_id,question_response,text,additional_id,paid
1,0,,60,clear30,false,,,"Hey _CLIENTNAME_ – congrats on starting your Clear30 journey! My name’s Julian. I’m 22 and used to smoke every day, but I was able to stop — I haven’t smoked in over nine months now.
I’m here if you have any questions or just want to talk things through. I’ll only reply when you message me first, and while it might not be right away, I’ll always get back to you as soon as I can.
Here’s a link to add me to your contacts so it’s easy to reach out:
 https://m.clear30.org/Clear30+Contact+Card.vcf",,true
3,0,,60,life,false,,,"Hey _CLIENTNAME_, this is Julian from Clear30, congrats on starting your weed tracking journey! Just wanted to reach out and let you know that I’m here if you need anything / have any questions!",,true
4,1,11,,clear30,false,Break-Reason,Gain Mental Clarity,"🏁 Day One: Your Launch 👩‍🚀

NASA engineers call the first moments of a rocket launch ""the phase of maximum vulnerability."" ⏳

It’s the hardest part - 
but also when momentum takes off. 💡

That’s where you are, _CLIENTNAME_. Your brain is adjusting, clearing space. The shift starts now.

No forcing it - just noticing it. Each check-in sharpens the view & keeps you moving forward.

Tap in & lock onto your course. ✅

👉 clear30://check-in
",x,
5,1,11,,clear30,false,Break-Reason,Reduce Anxiety,"🏁 Day One: Your Launch 👩‍🚀

NASA engineers call the first moments of a rocket launch ""the phase of maximum vulnerability."" ⏳

It’s the hardest part -
but also when momentum takes off. 💡

That’s where you are, _CLIENTNAME_.

A clearer, calmer mind starts with small shifts.
Every check-in helps you build steadiness, focus, and control.

No pressure - just progress.
Tap in & lock onto your course. ✅

👉 clear30://check-in
",x,
6,1,11,,clear30,false,Break-Reason,Reduce Depression,"🏁 Day One: Your Launch 👩‍🚀

NASA engineers call the first moments of a rocket launch ""the phase of maximum vulnerability."" ⏳

It’s the hardest part -
but also when momentum takes off. 💡

That’s where you are, _CLIENTNAME_.

Brighter days don’t happen all at once -
but every small step builds momentum.
Each check-in is a move toward more energy, motivation, and feeling like yourself again.

Tap in & lock onto your course. ✅

👉 clear30://check-in

",x,
7,1,11,,clear30,false,Break-Reason,Reduce Being Stuck in Own Head,"🏁 Day One: Your Launch 👩‍🚀

NASA engineers call the first moments of a rocket launch ""the phase of maximum vulnerability."" ⏳

It’s the hardest part -
but also when momentum takes off. 💡

That’s where you are, _CLIENTNAME_.

It’s easy to get lost in overthinking, but clarity comes from action.
Each check-in helps you step out of your head and reconnect with what’s in front of you.

Tap in & lock onto your course. ✅

👉 clear30://check-in
",x,
8,1,11,,clear30,false,Break-Reason,Improve Sleep Quality,"🏁 Day One: Your Launch 👩‍🚀

NASA engineers call the first moments of a rocket launch ""the phase of maximum vulnerability."" ⏳

It’s the hardest part -
but also when momentum takes off. 💡

That’s where you are, _CLIENTNAME_.

Deep, restful sleep doesn’t just happen—it’s built.
Each check-in helps reset your rhythm so falling asleep feels natural again.

Tap in & lock onto your course. ✅

👉 clear30://check-in

",x,
9,1,11,,clear30,false,Break-Reason,Improve Self-Control and Intention,"🏁 Day One: Your Launch 👩‍🚀

NASA engineers call the first moments of a rocket launch ""the phase of maximum vulnerability."" ⏳

It’s the hardest part -
but also when momentum takes off. 💡

That’s where you are, _CLIENTNAME_.

Self-control comes from knowing where you're headed.
Each check-in helps you move with intention and stay on course.

Tap in & lock onto your course. ✅

👉 clear30://check-in
",x,
10,1,11,,clear30,false,Break-Reason,Reduce Dependency on Cannabis,"🏁 Day One: Your Launch 👩‍🚀

NASA engineers call the first moments of a rocket launch ""the phase of maximum vulnerability."" ⏳

It’s the hardest part -
but also when momentum takes off. 💡

That’s where you are, _CLIENTNAME_.

Freedom starts with small shifts.
Each check-in helps you build control and rely on yourself, not a habit.

Tap in & lock onto your course. ✅

👉 clear30://check-in
",x,
11,1,11,,clear30,false,Break-Reason,Explore Life Without Cannabis,"🏁 Day One: Your Launch 👩‍🚀

NASA engineers call the first moments of a rocket launch ""the phase of maximum vulnerability."" ⏳

It’s the hardest part -
but also when momentum takes off. 💡

That’s where you are, _CLIENTNAME_.

This is a chance to see things in a new way.
Each check-in helps you step outside old routines and explore what feels right for you.

Tap in & lock onto your course. ✅

👉 clear30://check-in
",x,
12,1,11,,clear30,false,Break-Reason,Improve Overall Health,"🏁 Day One: Your Launch 👩‍🚀

NASA engineers call the first moments of a rocket launch ""the phase of maximum vulnerability."" ⏳

It’s the hardest part -
but also when momentum takes off. 💡

That’s where you are, _CLIENTNAME_.

Every choice adds up.
Each check-in helps your body reset, recharge, and move toward feeling your best.

Tap in & lock onto your course. ✅

👉 clear30://check-in
",x,
13,1,11,,clear30,false,Break-Reason,Improve Lung Health,"🏁 Day One: Your Launch 👩‍🚀

NASA engineers call the first moments of a rocket launch ""the phase of maximum vulnerability."" ⏳

It’s the hardest part -
but also when momentum takes off. 💡

That’s where you are, _CLIENTNAME_.

Your lungs are built to clear and repair.
Each check-in helps you take in more air, breathe easier, and feel stronger.

Tap in & lock onto your course. ✅

👉 clear30://check-in
",x,
14,1,11,,clear30,false,Break-Reason,Increase Productivity,"🏁 Day One: Your Launch 👩‍🚀

NASA engineers call the first moments of a rocket launch ""the phase of maximum vulnerability."" ⏳

It’s the hardest part -
but also when momentum takes off. 💡

That’s where you are, _CLIENTNAME_.

Focus and energy build with each step forward.
Each check-in helps you clear distractions and get more done with intention.

Tap in & lock onto your course. ✅

👉 clear30://check-in
",x,
15,1,11,,clear30,false,Break-Reason,Increase Motivation,"🏁 Day One: Your Launch 👩‍🚀

NASA engineers call the first moments of a rocket launch ""the phase of maximum vulnerability."" ⏳

It’s the hardest part -
but also when momentum takes off. 💡

That’s where you are, _CLIENTNAME_.

Motivation isn’t about waiting for the right moment - it builds when you take action.
Each check-in helps you create momentum and move toward what matters.

Tap in & lock onto your course. ✅

👉 clear30://check-in
",x,
16,1,11,,clear30,false,Break-Reason,Save Money,"🏁 Day One: Your Launch 👩‍🚀

NASA engineers call the first moments of a rocket launch ""the phase of maximum vulnerability."" ⏳

It’s the hardest part -
but also when momentum takes off. 💡

That’s where you are, _CLIENTNAME_.

Every dollar saved is a step toward more freedom and control.
Each check-in helps you stay on track and keep more money in your pocket.

Tap in & lock onto your course. ✅

👉 clear30://check-i",x,
17,1,11,,clear30,false,Break-Reason,Improve Current Relationships,"🏁 Day One: Your Launch 👩‍🚀

NASA engineers call the first moments of a rocket launch ""the phase of maximum vulnerability."" ⏳

It’s the hardest part -
but also when momentum takes off. 💡

That’s where you are, _CLIENTNAME_.

The best connections happen when you're fully present.
Each check-in helps you show up more, engage deeper, and build stronger relationships.

Tap in & lock onto your course. ✅

👉 clear30://check-in
",x,
18,1,11,,clear30,false,Break-Reason,Enhance Social Connections,"🏁 Day One: Your Launch 👩‍🚀

NASA engineers call the first moments of a rocket launch ""the phase of maximum vulnerability."" ⏳

It’s the hardest part -
but also when momentum takes off. 💡

That’s where you are, _CLIENTNAME_.

Stronger connections start with being present.
Each check-in helps you engage more, listen better, and feel closer to the people around you.

Tap in & lock onto your course. ✅

👉 clear30://check-in
",x,
19,1,11,,life,false,,,"🏁 Day One: Your Launch 👩‍🚀

NASA engineers call the first moments of a rocket launch ""the phase of maximum vulnerability."" ⏳

It’s the hardest part -
but also when momentum takes off. 💡

That’s where you are, _CLIENTNAME_.

No rules, no pressure - just a chance to notice what’s happening.
Each check-in helps you track patterns, stay aware, and see what unfolds.

Tap in & lock onto your course. ✅

👉 clear30://check-in",x,
20,1,,,clear30,false,,,"✅ You didn’t smoke today _CLIENTNAME_,
😤🙏 We're so proud of you!!

You’re off to an amazing start,
lets keep that momentum going!!",sober-follow-up,true
21,1,,,clear30,false,,,"💯 Congrats on your first check in _CLIENTNAME_!
😤🙏 & we're just getting started!!

You're one day closer to making this an automatic habit.
Let's make it to 30! ",smoked-follow-up,true
22,1,,,life,false,,,"✅ You didn’t smoke today _CLIENTNAME_,
😤🙏 We're so proud of you!!

You’re off to an amazing start,
lets keep that momentum going!!",sober-follow-up,true
23,1,,,life,false,,,"💯 Congrats on your first check in _CLIENTNAME_!
😤🙏 & we're just getting started!!

You're one day closer to making this an automatic habit.
Let's make it to 30! ",smoked-follow-up,true
24,3,11,,clear30,false,Break-Reason,Gain Mental Clarity,"Hi _CLIENTNAME_,

Feeling mentally cluttered? Try a ""brain dump"" tonight. 📝

Before bed, jot down all your thoughts and to-dos. Getting it out on paper can help you wake up with a clearer mind.

When you're ready, your personalized plan has even more ways to help you find mental clarity.

_WALKTHROUGH_

📲 Activate it now: clear30://activate

(P.S. If you have any questions or need anything you can just text back!)",x,false
25,3,11,,clear30,false,Break-Reason,Reduce Anxiety,"Hi _CLIENTNAME_,

Mind racing? Let's declutter it together! 🧠

Try this: Write down your worries on paper, then sort them into ""Can Control"" and ""Can't Control."" It's a powerful way to focus your energy where it matters most.

Whenever you're ready, your personalized plan has even more tools to help you find calm and clarity.

_WALKTHROUGH_

📲 Activate it now: clear30://activate

(P.S. If you have any questions or need anything you can just text back!)",x,false
26,3,11,,clear30,false,Break-Reason,Reduce Depression,"Hi _CLIENTNAME_,

Feeling down? Let's lift your spirits together! 🌅

Try a ""Gratitude Journal"":

Tonight, write down 3 things you're thankful for—even small things like a good cup of coffee or a kind gesture. It's a simple way to refocus on the positives and brighten your mood.

When you're ready, your personalized plan is here to help you keep building that positivity.

_WALKTHROUGH_

📲 Activate it now: clear30://activate

(P.S. If you have any questions or need anything you can just text back!)",x,false
27,3,11,,clear30,false,Break-Reason,Reduce Being Stuck in Own Head,"Hi _CLIENTNAME_,

Need a mental escape? ""Box Breathing"" can help 📦

Inhale for 4 seconds ➡️ Hold for 4 ➡️ Exhale for 4 ➡️ Hold for 4. Repeat. It's a powerful way to calm your mind and reset your thoughts.

If you're looking for more ways to quiet your mind and find balance, your personalized plan is ready when you are.

_WALKTHROUGH_

📲 Activate your plan: clear30://activate

(P.S. If you have any questions or need anything you can just text back!)",x,false
28,3,11,,clear30,false,Break-Reason,Improve Sleep Quality,"Hi _CLIENTNAME_,

Trouble drifting off? Try the ""Military Method"" 💤

Relax your face muscles, drop your shoulders, exhale, and imagine a calm scene. Many nod off in under 2 minutes!

This is just one of the tools we can offer to improve your sleep—your personalized plan has even more strategies ready for you.

_WALKTHROUGH_

📲 Activate it now: clear30://activate

(P.S. If you have any questions or need anything you can just text back!)",x,false
29,3,11,,clear30,false,Break-Reason,Improve Self-Control and Intention,"Hi _CLIENTNAME_,

Looking for an easy way to build self-control? Try ""Habit Stacking""! 🧱

Attach a new habit to something you already do. For example: After brewing your morning coffee, spend 2 minutes setting your daily intentions. Small shifts like this make new habits stick effortlessly.

Whenever you're ready, your personalized plan is here to help you live more intentionally.

_WALKTHROUGH_

📲 Activate it here: clear30://activate

(P.S. If you have any questions or need anything you can just text back!)",x,false
30,3,11,,clear30,false,Break-Reason,Reduce Dependency on Cannabis,"Hi _CLIENTNAME_,

Ready to take control? Let's take the first step together! 🚶‍♂️

Try ""Delay and Distract"":

When you feel the urge, set a timer for 15 minutes and do something you enjoy—like a hobby or a quick workout. By the time the timer ends, the craving often fades.

Whenever you're ready, your personalized plan has more strategies to help you reduce dependency and stay in control.

_WALKTHROUGH_

📲 Activate it now: clear30://activate

(P.S. If you have any questions or need anything you can just text back!)",x,false
31,3,11,,clear30,false,Break-Reason,Explore Life Without Cannabis,"Hi _CLIENTNAME_,

Did you know your brain thrives on new experiences? 🧠✨

Try ""Neuroplasticity Journaling"":

Each day, write down one new thing you tried without cannabis. It's a great way to discover just how rich and rewarding life can be!

When you're ready, your personalized plan is here to help you explore even more.

_WALKTHROUGH_

📲 Activate it now: clear30://activate

(P.S. If you have any questions or need anything you can just text back!)",x,false
32,3,11,,clear30,false,Break-Reason,Improve Overall Health,"Hi _CLIENTNAME_,

Did you know ending your shower with cold water can invigorate your body and mind? ❄️🚿

A quick burst of cold water can boost circulation and leave you feeling more alert. Try it out and see the difference!

When you're ready, your personalized plan has even more tips to help you improve your overall health.

_WALKTHROUGH_

📲 Activate your plan: clear30://activate

(P.S. If you have any questions or need anything you can just text back!)",x,false
33,3,11,,clear30,false,Break-Reason,Improve Lung Health,"Hi _CLIENTNAME_,

Want stronger lungs? Let's ""Breathe Deep"" together! 🌬️🧘‍♂️

Try this diaphragmatic breathing exercise:

Place one hand on your chest and one on your belly. Slowly inhale through your nose, letting your belly rise. Exhale through pursed lips. It's a great way to strengthen your lungs and relax your body.

When you're ready, your personalized plan has even more tools to support your respiratory health.

_WALKTHROUGH_

📲 Activate your plan: clear30://activate

(P.S. If you have any questions or need anything you can just text back!)",x,false
34,3,11,,clear30,false,Break-Reason,Increase Productivity,"Hi _CLIENTNAME_,

Struggling to start big tasks? Let's make it easier! 🧠✨

Try the ""Zeigarnik Effect"":

Start a task for just 5 minutes. Your brain loves closure, so getting started makes finishing much easier. Give it a go and see the magic!

When you're ready, your personalized plan is here to help you reach peak productivity.

_WALKTHROUGH_

📲 Activate your plan: clear30://activate

(P.S. If you have any questions or need anything you can just text back!)",x,false
35,3,11,,clear30,false,Break-Reason,Increase Motivation,"Hi _CLIENTNAME_,

Looking for a motivation boost? Let's ""Eat the Frog""! 🐸✨

Start your day by tackling your most challenging task. Knocking it out early sets a positive tone and fuels your momentum all day long.

When you're ready, your personalized plan has even more ways to keep you motivated and on track.

_WALKTHROUGH_

📲 Activate your plan: clear30://activate

(P.S. If you have any questions or need anything you can just text back!)",x,false
36,3,11,,clear30,false,Break-Reason,Save Money,"Hi _CLIENTNAME_,

Want to see your savings grow effortlessly? 🌱💰

Try the ""Invisible Money"" trick:

Every time you skip buying weed, transfer that amount into a savings account. Watching your savings grow can be a great motivator!

Whenever you're ready, your personalized plan is here to help you take a break from weed and keep building those savings.

_WALKTHROUGH_

📲 Activate it now: clear30://activate

(P.S. If you have any questions or need anything you can just text back!)",x,false
37,3,11,,clear30,false,Break-Reason,Improve Current Relationships,"Hi _CLIENTNAME_,

Ever heard of ""Emotional Bank Accounts""? Let's start making deposits! 🏦😊

Simple acts—like giving a sincere compliment or offering a helping hand—can build trust and strengthen relationships over time.

Whenever you're ready, your personalized plan is here with even more ways to help you deepen your connections.

_WALKTHROUGH_

📲 Activate it now: clear30://activate

(P.S. If you have any questions or need anything you can just text back!)",x,false
38,3,11,,clear30,false,Break-Reason,Enhance Social Connections,"Hi _CLIENTNAME_,

Feeling alone? Let's create connections that matter! 🤗💫

Try the ""Reach Out Challenge"":

Send a message to someone you haven't talked to in a while. Rekindling old friendships can bring more joy to your day—and theirs.

Whenever you're ready, your personalized plan has even more ideas to help you feel connected and supported.

_WALKTHROUGH_

📲 Activate it now: clear30://activate

(P.S. If you have any questions or need anything you can just text back!)",x,false
39,3,11,,clear30,false,Break-Reason,Gain Mental Clarity,"Hi _CLIENTNAME_,

Feeling mentally cluttered? Try a ""brain dump"" tonight. 📝

Before bed, jot down all your thoughts and to-dos. Getting it out on paper can help you wake up with a clearer mind.

Also, your ✨ Three Day Summary ✨ is ready for you!
Just click here 👉 clear30://three-day-summary

(P.S. If you have any questions or need anything you can just text back!)",x,true
40,3,11,,clear30,false,Break-Reason,Reduce Anxiety,"Hi _CLIENTNAME_,

Mind racing? Let's declutter it together! 🧠

Try this: Write down your worries on paper, then sort them into ""Can Control"" and ""Can't Control."" It's a powerful way to focus your energy where it matters most.

Also, your ✨ Three Day Summary ✨ is ready for you!
Just click here 👉 clear30://three-day-summary

(P.S. If you have any questions or need anything you can just text back!)",x,true
41,3,11,,clear30,false,Break-Reason,Reduce Depression,"Hi _CLIENTNAME_,

Feeling down? Let's lift your spirits together! 🌅

Try a ""Gratitude Journal"":

Tonight, write down 3 things you're thankful for—even small things like a good cup of coffee or a kind gesture. It's a simple way to refocus on the positives and brighten your mood.

Also, your ✨ Three Day Summary ✨ is ready for you!
Just click here 👉 clear30://three-day-summary

(P.S. If you have any questions or need anything you can just text back!)",x,true
42,3,11,,clear30,false,Break-Reason,Reduce Being Stuck in Own Head,"Hi _CLIENTNAME_,

Need a mental escape? ""Box Breathing"" can help 📦

Inhale for 4 seconds ➡️ Hold for 4 ➡️ Exhale for 4 ➡️ Hold for 4. Repeat. It's a powerful way to calm your mind and reset your thoughts.

Also, your ✨ Three Day Summary ✨ is ready for you!
Just click here 👉 clear30://three-day-summary

(P.S. If you have any questions or need anything you can just text back!)",x,true
43,3,11,,clear30,false,Break-Reason,Improve Sleep Quality,"Hi _CLIENTNAME_,

Trouble drifting off? Try the ""Military Method"" 💤

Relax your face muscles, drop your shoulders, exhale, and imagine a calm scene. Many nod off in under 2 minutes!

Also, your ✨ Three Day Summary ✨ is ready for you!
Just click here 👉 clear30://three-day-summary

(P.S. If you have any questions or need anything you can just text back!)",x,true
44,3,11,,clear30,false,Break-Reason,Improve Self-Control and Intention,"Hi _CLIENTNAME_,

Looking for an easy way to build self-control? Try ""Habit Stacking""! 🧱

Attach a new habit to something you already do. For example: After brewing your morning coffee, spend 2 minutes setting your daily intentions. Small shifts like this make new habits stick effortlessly.

Also, your ✨ Three Day Summary ✨ is ready for you!
Just click here 👉 clear30://three-day-summary

(P.S. If you have any questions or need anything you can just text back!)",x,true
45,3,11,,clear30,false,Break-Reason,Reduce Dependency on Cannabis,"Hi _CLIENTNAME_,

Ready to take control? Let's take the first step together! 🚶‍♂️

Try ""Delay and Distract"":

When you feel the urge, set a timer for 15 minutes and do something you enjoy—like a hobby or a quick workout. By the time the timer ends, the craving often fades.

Also, your ✨ Three Day Summary ✨ is ready for you!
Just click here 👉 clear30://three-day-summary

(P.S. If you have any questions or need anything you can just text back!)",x,true
46,3,11,,clear30,false,Break-Reason,Explore Life Without Cannabis,"Hi _CLIENTNAME_,

Did you know your brain thrives on new experiences? 🧠✨

Try ""Neuroplasticity Journaling"":

Each day, write down one new thing you tried without cannabis. It's a great way to discover just how rich and rewarding life can be!

Also, your ✨ Three Day Summary ✨ is ready for you!
Just click here 👉 clear30://three-day-summary

(P.S. If you have any questions or need anything you can just text back!)",x,true
47,3,11,,clear30,false,Break-Reason,Improve Overall Health,"Hi _CLIENTNAME_,

Did you know ending your shower with cold water can invigorate your body and mind? ❄️🚿

A quick burst of cold water can boost circulation and leave you feeling more alert. Try it out and see the difference!

Also, your ✨ Three Day Summary ✨ is ready for you!
Just click here 👉 clear30://three-day-summary

(P.S. If you have any questions or need anything you can just text back!)",x,true
48,3,11,,clear30,false,Break-Reason,Improve Lung Health,"Hi _CLIENTNAME_,

Want stronger lungs? Let's ""Breathe Deep"" together! 🌬️🧘‍♂️

Try this diaphragmatic breathing exercise:

Place one hand on your chest and one on your belly. Slowly inhale through your nose, letting your belly rise. Exhale through pursed lips. It's a great way to strengthen your lungs and relax your body.

Also, your ✨ Three Day Summary ✨ is ready for you!
Just click here 👉 clear30://three-day-summary

(P.S. If you have any questions or need anything you can just text back!)",x,true
49,3,11,,clear30,false,Break-Reason,Increase Productivity,"Hi _CLIENTNAME_,

Struggling to start big tasks? Let's make it easier! 🧠✨

Try the ""Zeigarnik Effect"":

Start a task for just 5 minutes. Your brain loves closure, so getting started makes finishing much easier. Give it a go and see the magic!

Also, your ✨ Three Day Summary ✨ is ready for you!
Just click here 👉 clear30://three-day-summary

(P.S. If you have any questions or need anything you can just text back!)",x,true
50,3,11,,clear30,false,Break-Reason,Increase Motivation,"Hi _CLIENTNAME_,

Looking for a motivation boost? Let's ""Eat the Frog""! 🐸✨

Start your day by tackling your most challenging task. Knocking it out early sets a positive tone and fuels your momentum all day long.

Also, your ✨ Three Day Summary ✨ is ready for you!
Just click here 👉 clear30://three-day-summary

(P.S. If you have any questions or need anything you can just text back!)",x,true
51,3,11,,clear30,false,Break-Reason,Save Money,"Hi _CLIENTNAME_,

Want to see your savings grow effortlessly? 🌱💰

Try the ""Invisible Money"" trick:

Every time you skip buying weed, transfer that amount into a savings account. Watching your savings grow can be a great motivator!

Also, your ✨ Three Day Summary ✨ is ready for you!
Just click here 👉 clear30://three-day-summary

(P.S. If you have any questions or need anything you can just text back!)",x,true
52,3,11,,clear30,false,Break-Reason,Improve Current Relationships,"Hi _CLIENTNAME_,

Ever heard of ""Emotional Bank Accounts""? Let's start making deposits! 🏦😊

Simple acts—like giving a sincere compliment or offering a helping hand—can build trust and strengthen relationships over time.

Also, your ✨ Three Day Summary ✨ is ready for you!
Just click here 👉 clear30://three-day-summary

(P.S. If you have any questions or need anything you can just text back!)",x,true
53,3,11,,clear30,false,Break-Reason,Enhance Social Connections,"Hi _CLIENTNAME_,

Feeling alone? Let's create connections that matter! 🤗💫

Try the ""Reach Out Challenge"":

Send a message to someone you haven't talked to in a while. Rekindling old friendships can bring more joy to your day—and theirs.

Also, your ✨ Three Day Summary ✨ is ready for you!
Just click here 👉 clear30://three-day-summary

(P.S. If you have any questions or need anything you can just text back!)",x,true
54,3,11,,life,false,,,"Hi _CLIENTNAME_!

🥳 It’s awesome that you’re taking steps to improve yourself - tracking your smoking and staying committed will change your life!

💡 Fun fact: Clear30+ users reduce their smoking by 70% on average, and 96% say it helped them grow in unexpected ways.

Whenever you’re ready, activating your plan unlocks the best tools to keep building those habits and hitting your goals.

_WALKTHROUGH_

📲 Activate your plan: clear30://activate

(P.S. If you have any questions or need anything you can just text back!)",x,false
55,3,11,,life,false,,,"Hi _CLIENTNAME_!

🎁 We have a gift for you! 🎁

Your ✨ Three Day Summary ✨ is ready!
Just click here 👉 clear30://three-day-summary

(P.S. If you have any questions or need anything you can just text back!)",x,true
56,30,11,,clear30,true,,,"🏆_CLIENTNAME_!!

You went 30 for 30.

This is the stuff legends are made of...
You set out to change your habits and you FULLY committed.
It's a rare feat - you should be proud _CLIENTNAME_.

📲 See your clear30 breakdown here: clear30://breakdown",breakdown-perfect,true
57,30,11,,clear30,true,,,"🏆_CLIENTNAME_!!

Congrats on completing your Clear 30!

You set out to make a change for 30 days break and you committed!
You've decreased your use - and more importantly, proven to yourself that you can follow through on a challenge of this magnitude.

Whether you want to run it back - or start the ""life"" program - the future is in your hands.
📲 See your clear30 breakdown here: clear30://breakdown",breakdown-good,true
58,30,11,,clear30,true,,,"🏆_CLIENTNAME_!!

Congrats on completing your Clear 30!

You set out to make a big change, and although there were some dips along the way, you still took a major step for yourself.
This is a process and it's not always easy to commit. It takes practice, effort and grit.

Whether you want to run it back - or start the ""life"" program - the future is in your hands.
📲 See your clear30 breakdown here: clear30://breakdown",breakdown-bad,true
59,30,11,,clear30,true,,,"🏆_CLIENTNAME_!!

Congrats on completing your Clear 30!

You checked in time and time again - staying intentional about your smoking and commanding control of your habits.

Whether you want to run it back - or start the ""life"" program - the future is in your hands.
📲 See your clear30 breakdown here: clear30://breakdown",breakdown-fallback,true
60,10,11,,clear30,true,,,"Hey _CLIENTNAME_, it’s Julian.

10 days in, no smoking at all - that’s huge. Seriously, I’m so excited for you. You’re really doing this, and I hope you’re taking a second to be proud of yourself.

If you wanna celebrate, share how you’re feeling, or just say what’s up, I’m here. Text me anytime :)",x10-day-perfect,true
61,10,11,,clear30,true,,,"Hey _CLIENTNAME_ its Julian. It's great to see you so commited and checking in everyday. 

You're a third of the way through your clear30 break and have stayed commited through the toughest part - congrats on really starting to build this new habit :)

You can text back if you have any questions or just wanna celebrate with me and take a moment to be proud of yourself. ",x10-day-checkin-perfect,true
62,10,11,,clear30,true,,,"Hey _CLIENTNAME_, it’s Julian.

You’re 10 days in, and you’ve been showing up for yourself again and again. That’s real consistency.

Hope you’re feeling good about your progress. If there’s anything on your mind or you just wanna check in, I’m here. :)",x10-day-check-in-7-9,true
63,10,11,,clear30,true,,,"Hey _CLIENTNAME_, it’s Julian.

10 days in, and you’ve been checking in! That’s something. Staying aware is what keeps you moving forward.

If you’re trying to get into a better rhythm, checking in daily can really help. No pressure - just a quick way to stay on track.

Tap in whenever you’re ready. I’m here if you ever wanna check in or talk things through. :)",x10-day-check-in-3-6,true
64,10,11,,clear30,true,,,"Hey _CLIENTNAME_, it’s Julian.

10 days in already. You’ve checked in a couple times so far, and I know it can be tough to keep up. But checking in is one of the best ways to stay aware and on track.

If now feels like a good time to reset, I’m here. No judgment, no stress - just a chance to check in and see where you’re at.

Tap in whenever you're ready. :)

",x10-day-check-in-1-2,true
65,10,11,,clear30,true,,,"Hey _CLIENTNAME_, it’s Julian.

I noticed you haven’t checked in yet, and that’s totally okay. Clear30 is here whenever you’re ready. Even a quick check-in can help you stay aware and see where you’re at.

If now feels like a good time to start, I’m here. No pressure - just a small step whenever you’re ready. :)

👉 clear30://check-in",x10-day-check-in-0,true
66,1,,30,clear30,true,,,"Hi again _CLIENTNAME_! 

It's awesome you're starting a new Clear30 :)

Its Julian again, lmk if you have any questions with your new break - I'm here to help.",restart,true
67,0,,60,clear30-start-soon,false,Then-What,I want to use the same,"🥳 The countdown to Clear30 begins _CLIENTNAME_! 

My name is Julian. I'm a very real human being - and I'm here to help you power through your c30 and explore relationship with 🍃

Your break doesn't start for a little bit - so in the meantime we'll be sending some messages to get you prepared.

If you're nervous, excited, curious, or just wanna say hi - you can text back!",,true
68,0,,60,clear30-start-soon,false,Then-What,I want to use less or use differently,"🥳 The countdown to Clear30 begins _CLIENTNAME_!

My name is Julian. I'm a very real human being - and I'm here to help you power through your c30 and improve your relationship with 🍃

Your break doesn't start for a little bit - so in the meantime we'll be sending some messages to get you prepared.

If you're nervous, excited, curious, or just wanna say hi - you can text back!",,true
69,0,,60,clear30-start-soon,false,Then-What,I want to stop cannabis/weed use entirely,"🥳 The countdown to Clear30 begins _CLIENTNAME_!

My name is Julian. I'm a very real human being - and I'm here to help you power through your c30 and QUIT weed.

Your break doesn't start for a little bit - so in the meantime we'll be sending some messages to get you prepared.

If you're nervous, excited, curious, or just wanna say hi - you can text back!",,true
70,0,,60,clear30-start-soon,false,Then-What,I don't know right now,"🥳 The countdown to Clear30 begins _CLIENTNAME_! 

My name is Julian. I'm a very real human being - and I'm here to help you power through your c30 and explore relationship with 🍃

Your break doesn't start for another a little bit - so in the meantime we'll be sending some messages to get you prepared.

If you're nervous, excited, curious, or just wanna say hi - you can text back!",,true
71,0,,60,clear30-start-soon,true,,,"🥁🥁 Your Clear30 Starts now!!! 

Good luck _CLIENTNAME_ :)",,true
72,1,,60,clear30-start-soon,true,,,"🕺🪩 _CLIENTNAME_!! Your Clear30 starts tomorrow!

Get ready by checking out:

✨ Day Zero ✨

Prep your mindset, set your intentions, and lock in your goals—so you're fully ready when Day 1 hits.

👉 clear30://open
",,true
73,2,,60,clear30-start-soon,true,,,"Feeling alone? You're definitely not. Over 5,000 people started a Clear30 in the past month.

Everyone's here to support each other—we all wanna win together.

👉 Tap here to jump into the ""Start Soon"" community:
🥳 clear30://community",,true
74,3,,60,clear30-start-soon,true,Then-What,I want to use the same,"Hey _CLIENTNAME_, you've got 3 days til your Clear30 starts, so I'm guessing you're probably still smoking a bit 🍃

Something I wish I’d done before my own break was pay closer attention to how I actually felt when I smoked:

🧠 how clear my head felt
🌙 how well I slept afterward
⚡️ my overall mood and energy levels

Having these details makes it way easier to notice changes once your break starts.

If you need anything or just wanna chat—I'm here, just text back!",,true
75,3,,60,clear30-start-soon,true,Then-What,I want to use less or use differently,"Hey _CLIENTNAME_, you've got 3 days until your Clear30 starts, and since your goal is to use less afterward, here's a thought:

Next time you're smoking, pay close attention to…

🌤️ How you're feeling before vs. after
⏳ When it actually feels good vs. when it's just habit
🤔 If there's a moment you'd prefer to skip

Noticing now will make it way easier to spot positive shifts once your break begins.

I'm here if you wanna chat—just text back!",,true
76,3,,60,clear30-start-soon,true,Then-What,I want to stop cannabis/weed use entirely,"Hey _CLIENTNAME_, you've got 3 days until your Clear30—and since you're planning to leave weed behind for good, here's something valuable to try:

Next time you're smoking, really notice…

⏳ How long the good feeling actually lasts
🤔 Whether it matches your expectations
📉 If there's a moment when it starts feeling like habit more than enjoyment

Capturing these details now helps solidify exactly why you're ready to move on.

If you wanna talk it through or just need support—I'm here, just text back!",,true
77,3,,60,clear30-start-soon,true,Then-What,I don't know right now,"Hey _CLIENTNAME_, you’ve got 3 days until your Clear30—and it's totally fine that you're not sure what's next yet.

Here's something helpful to try: Next time you smoke, gently notice…

🤔 How you feel right before lighting up
🌀 What you're hoping it'll do for you
⏰ How long it actually helps (or doesn't)

Doing this now will help you decide later, once you've experienced life without weed for a bit.

If you wanna talk it out or need anything, I'm right here—just text back!",,true
78,4,,60,clear30-start-soon,true,Then-What,I want to use the same,"You mentioned you're planning to smoke the same amount after your Clear30—I totally get that.

Here’s what lots of people notice after their break:

⏳ Smoking feels more like a choice than a habit
🌤️ Enjoying sessions more (even using the same amount)
🧠 Feeling clearer in between—and less foggy overall

Excited to hear what shifts for you. If you wanna talk goals or have questions, I'm here—just text back!",,true
79,4,,60,clear30-start-soon,true,Then-What,I want to use less or use differently,"You mentioned you're planning to smoke less after your Clear30—nice.

Here’s what lots of people notice after their break:

🎯 Easier control over when and how much they smoke
⚡️ More natural energy day-to-day
🌤️ Enjoying smoking more, even though they're doing it less

Excited to see what you'll notice. If you wanna talk goals or just need support, I'm here—just text back!",,true
80,4,,60,clear30-start-soon,true,Then-What,I want to stop cannabis/weed use entirely,"You mentioned you're fully quitting weed after your Clear30—I actually did the same thing.

Here's how things changed for me:

⏳ Suddenly had a lot more time (days felt longer—in a good way)
🛠️ Changing other habits got easier, too
🧠 Felt sharper—like my brain was running at 100% again

Obviously your experience might be different, but I'm genuinely excited to see what changes for you! Keep me posted.",,true
81,4,,60,clear30-start-soon,true,Then-What,I don't know right now,"You mentioned you're not sure yet how you'll smoke after Clear30—and that's totally normal.

Actually, a lot of people go into Clear30 feeling exactly that way. Here's what they often discover after their break:

🗺️ It's easier to figure out what feels best when weed isn't automatic
🔎 They notice what weed actually does for them (and what it doesn't)
🧩 They get clearer about what role—if any—they want weed to have long-term

Excited for you to explore this. If you wanna talk it through or just need support, I'm here—just text back!
",,true
82,5,,60,clear30-start-soon,true,Break-Reason,Gain Mental Clarity,"💡👴Billionaire Charles Munger solved problems using inverted thinking 

❌ Instead of asking:
 🧐“How can I get mental clarity?”

✅ Flip it and ask:
😵‍💫 “How can I completely fog up my brain?”

📱 Scroll mindlessly
🌑 Stay indoors all day
🍟 Constantly eat junk
🌀 Multitask non-stop

🙃 When you see clearly what causes the problem, solutions become a bit clearer.",,true
83,5,,60,clear30-start-soon,true,Break-Reason,Reduce Anxiety,"💡👴 Billionaire Charles Munger solved problems using inverted thinking.

❌ Instead of asking:
🧐 “How can I reduce my anxiety?”

✅ Flip it and ask:
😰 “How can I make myself as anxious as possible?”

📱 Constantly compare yourself online
☕ Overload on caffeine
🛌 Mess up your sleep schedule
📺 Fill your mind with stressful content

🙃 Once you clearly spot what fuels anxiety, your path to calm becomes a bit clearer.",,true
84,5,,60,clear30-start-soon,true,Break-Reason,Reduce Depression,"💡👴 _CLIENTNAME_, billionaire Charles Munger solved problems using inverted thinking.

❌ Instead of asking:
😊 “How can I feel happier and less depressed?”

✅ Flip it and ask:
😔 “How could I make myself feel as down as possible?”

🛋️ Isolate myself completely
🕳️ Dwell on negative thoughts
🍕 Eat poorly and rarely move
📲 Constantly scroll without purpose

🙃 Once you clearly see what's deepening depression, your path to feeling better becomes a bit clearer.",,true
85,5,,60,clear30-start-soon,true,Break-Reason,Reduce Being Stuck in Own Head,"💡👴 _CLIENTNAME_, billionaire Charles Munger solved problems using inverted thinking.

❌ Instead of asking:
😌 “How can I stop feeling stuck in my own head?”

✅ Flip it and ask:
😵‍💫 “How could I guarantee I stay trapped in my thoughts?”

🛌 Stay indoors, avoid fresh air
🔁 Replay past mistakes on repeat
🙊 Talk to no one about how I'm feeling

🙃 When you clearly see what keeps you trapped, your path to getting unstuck becomes a bit clearer.",,true
86,5,,60,clear30-start-soon,true,Break-Reason,Improve Sleep Quality,"💡👴 _CLIENTNAME_, billionaire Charles Munger solved problems using inverted thinking.

❌ Instead of asking:
😴 “How can I improve my sleep quality?”

✅ Flip it and ask:
🥱 “How could I completely ruin my sleep?”

📱 Stare at screens late into the night
☕ Drink caffeine after 4 PM
🌚 Keep my room bright and noisy
🍕 Eat heavy meals right before bed

🙃 Once you see clearly what's harming your sleep, your path to restful nights becomes a bit clearer.",,true
87,5,,60,clear30-start-soon,true,Break-Reason,Improve Self-Control and Intention,"💡👴 _CLIENTNAME_, billionaire Charles Munger solved problems using inverted thinking.

❌ Instead of asking:
🎯 “How can I improve self-control and intention?”

✅ Flip it and ask:
😵 “How could I completely destroy my self-control?”

📲 Give in to every impulse instantly
🍭 Constantly chase short-term pleasure
🛋️ Avoid setting any goals or structure
🤷‍♂️ Never reflect on choices or outcomes

🙃 Once you clearly see what's sabotaging your self-control, your path to intention becomes a bit clearer.",,true
88,5,,60,clear30-start-soon,true,Break-Reason,Reduce Dependency on Cannabis,"💡👴 _CLIENTNAME_, billionaire Charles Munger solved problems using inverted thinking.

❌ Instead of asking:
🛑 “How can I reduce my dependency on weed?”

✅ Flip it and ask:
😶‍🌫️ “How could I become totally dependent on it?”

🌙 Use it for every tough emotion
🕒 Smoke at predictable times every day
🛋️ Never try alternative ways to relax
🙈 Avoid noticing how weed really makes me feel

🙃 Once you clearly see what deepens dependency, your path to freedom becomes a bit clearer.",,true
89,5,,60,clear30-start-soon,true,Break-Reason,Explore Life Without Cannabis,"💡👴 _CLIENTNAME_, billionaire Charles Munger solved problems using inverted thinking.

❌ Instead of asking:
🌍 “How can I explore life without weed?”

✅ Flip it and ask:
😵‍💫 “How could I make sure I never experience life without it?”

🔄 Keep my routine exactly the same
🙅‍♂️ Refuse to try new experiences sober
🛋️ Avoid people who don’t smoke
🎒 Stay inside my comfort zone at all costs

🙃 Once you clearly see what's holding you back, your path to exploring life weed-free becomes a bit clearer.",,true
90,5,,60,clear30-start-soon,true,Break-Reason,Improve Overall Health,"💡👴 _CLIENTNAME_, billionaire Charles Munger solved problems using inverted thinking.

❌ Instead of asking:
💚 “How can I improve my overall health?”

✅ Flip it and ask:
🤒 “How could I totally wreck my health?”

🍟 Eat junk constantly
🛋️ Rarely move or exercise
🌚 Avoid sunlight and fresh air
😵‍💫 Ignore stress and never take breaks

🙃 Once you clearly see what's hurting your health, your path to feeling better becomes a bit clearer.",,true
91,5,,60,clear30-start-soon,true,Break-Reason,Improve Lung Health,"💡👴 _CLIENTNAME_, billionaire Charles Munger solved problems using inverted thinking.

❌ Instead of asking:
🫁 “How can I improve my lung health?”

✅ Flip it and ask:
😮‍💨 “How could I totally damage my lungs?”

🚬 Smoke or vape constantly
🌫️ Breathe in pollutants regularly
🛋️ Never exercise or move around
🌬️ Avoid fresh air and stay indoors

🙃 Once you clearly see what damages your lungs, your path to stronger breathing becomes a bit clearer",,true
92,5,,60,clear30-start-soon,true,Break-Reason,Increase Productivity,"💡👴 _CLIENTNAME_, billionaire Charles Munger solved problems using inverted thinking.

❌ Instead of asking:
💼 “How can I increase my productivity?”

✅ Flip it and ask:
📉 “How could I become totally unproductive?”

📱 Constantly check notifications
🌀 Multitask nonstop
⏰ Never set priorities or deadlines
🛋️ Delay tasks until I “feel motivated”

🙃 Once you clearly see what's killing your productivity, your path to getting things done becomes a bit clearer.",,true
93,5,,60,clear30-start-soon,true,Break-Reason,Increase Motivation,"💡👴 _CLIENTNAME_, billionaire Charles Munger solved problems using inverted thinking.

❌ Instead of asking:
🚀 “How can I boost my motivation?”

✅ Flip it and ask:
🛌 “How could I completely drain my motivation?”

📱 Scroll mindlessly for hours
🍟 Eat junk food daily
😴 Keep an irregular sleep schedule
🎯 Set goals that feel overwhelming or unclear

🙃 Once you clearly see what's killing your motivation, your path to feeling driven becomes a bit clearer.",,true
94,5,,60,clear30-start-soon,true,Break-Reason,Save Money,"💡👴 _CLIENTNAME_, billionaire Charles Munger solved problems using inverted thinking.

❌ Instead of asking:
“How can I save more money?”

✅ Flip it and ask:
“How could I completely blow my money?”

🛒 Make impulsive buys constantly
🍔 Order takeout instead of cooking
📱 Subscribe to things I barely use
🙈 Avoid tracking my spending entirely

🙃 Once you clearly see what's draining your money, your path to saving more becomes a bit clearer.",,true
95,5,,60,clear30-start-soon,true,Break-Reason,Improve Current Relationships,"💡👴 _CLIENTNAME_, billionaire Charles Munger solved problems using inverted thinking.

❌ Instead of asking:
“How can I improve my relationships?”

✅ Flip it and ask:
“How could I totally ruin my relationships?”

🙊 Avoid communicating clearly
📱 Always stay distracted around others
🙅‍♂️ Never admit when I'm wrong
🙈 Ignore boundaries and personal space

🙃 Once you clearly see what's hurting your relationships, your path to improving them becomes a bit clearer.",,true
96,5,,60,clear30-start-soon,true,Break-Reason,Enhance Social Connections,"💡👴 _CLIENTNAME_, billionaire Charles Munger solved problems using inverted thinking.

❌ Instead of asking:
“How can I feel less lonely and more connected?”

✅ Flip it and ask:
“How could I become as isolated as possible?”

🛋️ Stay home and avoid going out
📱 Scroll instead of reaching out
🙊 Rarely start conversations
🚪 Say no to invites and opportunities

🙃 Once you clearly see what's isolating you, your path to feeling connected becomes a bit clearer.",,true
97,5,,60,clear30-start-soon,true,Break-Reason,Pass Work-Required Drug Test,"💡👴 _CLIENTNAME_, billionaire Charles Munger solved problems using inverted thinking.

❌ Instead of asking:
“How can I make sure I pass my drug test?”

✅ Flip it and ask:
“How could I guarantee that I fail it?”

🚬 Keep smoking or vaping daily
📅 Ignore timelines or testing dates
🥤 Avoid hydrating or preparing
🙈 Assume it’ll all just work out

🙃 Once you clearly see what's setting you up to fail, your path to passing becomes a bit clearer.",,true
98,5,,60,clear30-start-soon,true,Break-Reason,Meet Legal Obligations,"💡👴 _CLIENTNAME_, billionaire Charles Munger solved problems using inverted thinking.

❌ Instead of asking:
“How can I make sure I meet my legal obligations?”

✅ Flip it and ask:
“How could I guarantee I violate them?”

📅 Ignore important dates and deadlines
🚬 Keep using substances I agreed to avoid
📑 Never check in or communicate clearly
🙈 Assume things will work themselves out

🙃 Once you clearly see what's putting you at risk, your path to meeting your obligations becomes a bit clearer.",,true
99,6,,60,clear30-start-soon,true,,,"When people want to improve their lives they usually think about what they can add

💪 ""I should start lifting.""
🧘 ""I need to meditate more.""
💰 ""I gotta make more money.""

But sometimes, real change comes from what you subtract:

📱 Cutting out three hours of doomscrolling before bed
🍗 Dropping the late-night Popeyes binges
⏳ Stopping the cycle of procrastination


Maybe weed is part of that too. Clear30 is your chance to find out.",,true
100,7,,60,clear30-start-soon,true,,,"I felt like one of the best parts about doing a Clear30 was realizing how much it helped me tackle other things in my life...

🛌 Want a better sleep schedule?
You'll already have built the consistency to do it.

🚭 Quitting vaping?
Those craving-management skills totally carry over.

🥗 Eating healthier?
Clear30 taught me to slow down, notice impulses, and choose what actually feels good.

So yeah - it's about a weed break, but afterward there's really no limit to what else you can take on.",,true
101,8,,60,clear30-start-soon,true,,,"Before my clear30 I was chained to my routine. I felt like my life was just 

🥱wake up
👨‍💻work
😮‍💨smoke
😴sleep

But once I started my break I decided to STOP moving like an NPC and started

🫣talking to random people
🚶‍♂️exploring my world
🥳trying new things every day

I'm actually really excitred for you _CLIENTNAME_. It's gonna be cool to see what you end up doing.",,true
102,9,,60,clear30-start-soon,true,,,"One of the things that helped me MOST on my break was understanding WHY I wanted to Clear30. 

When things got tricky—

😅 Cravings HITTING
😮‍💨 Friends SMOKING
⛽️ Weed STARING me down

I got through it by reminding myself exactly WHY I started in the first place.

If you have a moment, dig deep and reconnect with the reason you downloaded Clear30. Need help figuring it out? I'm right here - just text back!",,true
103,10,,60,clear30-start-soon,true,,,"🤔 _CLIENTNAME_, ever feel like it's just not the right time for a break?

📚 ""I have a big test!""
💸 ""It's literally tax season!""
🦶 ""My foot just got run over by a tractor-trailer!""

Fair enough - these might all be legit reasons.
But there's NEVER a perfect time. Sometimes the ""wrong"" time is exactly the right time. 🚦

⏳ Only 10 days until your Clear30 begins!",,true
104,11,,60,clear30-start-soon,true,Break-Reason,Gain Mental Clarity,"I think framing is EVERYTHING as you start your Clear30.

Instead of thinking…

😥💭 “Ugh, no weed for 30 days”

Try this instead:

😁💭 “Imagine how good it'll feel when [personalized goal]”

🕺Picture future _CLIENTNAME_

🥱 Waking up sharp as a tack
😏 Quick comebacks
🗺️ A bright burning memory


If you wanna talk goals or just need support, I'm here - Just text back. ",,true
105,11,,60,clear30-start-soon,true,Break-Reason,Reduce Anxiety,"I think framing is EVERYTHING as you start your Clear30.

Instead of…

😥💭📉 Thinking about what you're giving up (🍃)

😁💭📈 Consider allll that you're gonna gain

🕺Picture future CLIENTNAME

😌 No racing thoughts at midnight
🌊 Calm vibes even when things get hectic
🚶‍♂️ Feeling genuinely chill in social situations

If you wanna talk goals or just need support, I'm here - Just text back.",,true
106,11,,60,clear30-start-soon,true,Break-Reason,Reduce Depression,"I think framing is EVERYTHING as you start your Clear30.

Instead of thinking…

😥💭 “Ugh, no weed for 30 days”

Try this instead:

😁💭 “It'll feel amazing when my mood genuinely lifts again.”

🕺Picture future _CLIENTNAME_

☀️ Actually waking up looking forward to the day
😂 Laughing at stuff and meaning it
🌱 Having energy for things you used to love

If you wanna talk goals or just need support, I'm here - Just text back.",,true
107,11,,60,clear30-start-soon,true,Break-Reason,Reduce Being Stuck in Own Head,"I think framing is EVERYTHING as you start your Clear30.

Instead of…

😥💭📉 Thinking about what you're giving up (🍃)

😁💭📈 Consider allll that you're gonna gain

🕺Picture future _CLIENTNAME_

🧠 Making decisions without second-guessing
🎧 Being fully present in conversations
🌤️ Quiet mornings—without mental chatter

If you wanna talk through how to get out of your head (or just need support), I'm here—just text back.",,true
108,11,,60,clear30-start-soon,true,Break-Reason,Improve Sleep Quality,"I think framing is EVERYTHING as you start your Clear30.

Instead of…

😥💭📉 Thinking about what you're giving up (🍃)

😁💭📈 Consider allll that you're gonna gain

🕺Picture future _CLIENTNAME_

🌙 Actually feeling rested when you wake up
🛌 Falling asleep without endless tossing & turning
☕ Not needing 3 coffees just to function

If you wanna chat about sleep—or anything else—I'm here. Just text back.",,true
109,11,,60,clear30-start-soon,true,Break-Reason,Improve Self-Control and Intention,"I think framing is EVERYTHING as you start your Clear30.

Instead of…

😥💭📉 Thinking about what you're giving up (🍃)

😁💭📈 Consider allll that you're gonna gain

🕺Picture future _CLIENTNAME_

🎯 Finishing stuff you planned (without procrastinating)
🧘‍♂️ Feeling good about saying ""no"" to impulsive decisions
💪 Trusting yourself when you say you'll do something—and actually doing it

If you wanna talk goals, self-control, or just need support, I'm here—just text back.",,true
110,11,,60,clear30-start-soon,true,Break-Reason,Reduce Dependency on Cannabis,"I think framing is EVERYTHING as you start your Clear30.

Instead of…

😥💭📉 Thinking about what you're giving up (🍃)

😁💭📈 Consider allll that you're gonna gain

🕺Picture future _CLIENTNAME_

🗓️ Going days without even thinking about smoking
🔋 Having energy without relying on weed
🚀 Feeling calm and clear-headed naturally

If you wanna talk about breaking habits or just need support, I'm here - Just text back.",,true
111,11,,60,clear30-start-soon,true,Break-Reason,Explore Life Without Cannabis,"I think framing is EVERYTHING as you start your Clear30.

Instead of…

😥💭📉 Thinking about what you're giving up (🍃)

😁💭📈 Consider allll that you're gonna gain

🕺Picture future _CLIENTNAME_

🗺️ Enjoying hangouts without needing anything else
🌅 Being fully present (without feeling distracted)
✨ Discovering new interests you didn't expect

If you wanna talk goals or just need support, I'm here - Just text back.",,true
112,11,,60,clear30-start-soon,true,Break-Reason,Improve Overall Health,"I think framing is EVERYTHING as you start your Clear30.

Instead of…

😥💭📉 Thinking about what you're giving up (🍃)

😁💭📈 Consider allll that you're gonna gain

🕺Picture future _CLIENTNAME_

🏃 Feeling lighter and sharper during the day
🥗 Actually craving stuff that makes you feel good
🌟 Noticing your body thanking you in unexpected ways

If you wanna talk health goals or just need support, I'm here - Just text back.",,true
113,11,,60,clear30-start-soon,true,Break-Reason,Improve Lung Health,"I think framing is EVERYTHING as you start your Clear30.

Instead of…

😥💭📉 Thinking about what you're giving up (🍃)

😁💭📈 Consider allll that you're gonna gain

🕺Picture future _CLIENTNAME_

🏃‍♂️ Taking deep breaths without coughing
🌬️ Noticing how fresh the air actually feels
🫁 Realizing your lungs aren’t working overtime anymore

If you wanna talk goals or just need support, I'm here - Just text back.",,true
114,11,,60,clear30-start-soon,true,Break-Reason,Increase Productivity,"I think framing is EVERYTHING as you start your Clear30.

Instead of…

😥💭📉 Thinking about what you're giving up (🍃)

😁💭📈 Consider allll that you're gonna gain

🕺Picture future _CLIENTNAME_

✅ Checking tasks off your list effortlessly
🧠 Staying focused—without zoning out
⚡ Having steady energy throughout the day

If you wanna talk productivity or just need support, I'm here - Just text back.",,true
115,11,,60,clear30-start-soon,true,Break-Reason,Increase Motivation,"I think framing is EVERYTHING as you start your Clear30.

Instead of…

😥💭📉 Thinking about what you're giving up (🍃)

😁💭📈 Consider allll that you're gonna gain

🕺Picture future _CLIENTNAME_

🚀 Jumping into tasks without hesitation
🎯 Chasing your goals (instead of just talking about them)
⚡ Naturally feeling excited to start your day

If you wanna talk motivation or just need support, I'm here - Just text back.",,true
116,11,,60,clear30-start-soon,true,Break-Reason,Save Money,"I think framing is EVERYTHING as you start your Clear30.

Instead of…

😥💭📉 Thinking about what you're giving up (🍃)

😁💭📈 Consider allll that you're gonna gain

🕺Picture future _CLIENTNAME_

💸 Seeing extra cash in your bank account
🍽️ Affording nicer dinners (without even planning for it)
🎟️ Spending money on stuff you actually love

If you wanna talk budgeting, goals, or just need support, I'm here - Just text back.",,true
117,11,,60,clear30-start-soon,true,Break-Reason,Improve Current Relationships,"I think framing is EVERYTHING as you start your Clear30.

Instead of…

😥💭📉 Thinking about what you're giving up (🍃)

😁💭📈 Consider allll that you're gonna gain

🕺Picture future _CLIENTNAME_

😂 Laughing more (and meaning it)
🤝 Feeling more present with friends
📱 Conversations flowing naturally (no second-guessing texts)

If you wanna talk relationships or just need support, I'm here - Just text back.",,true
118,11,,60,clear30-start-soon,true,Break-Reason,Enhance Social Connections,"I think framing is EVERYTHING as you start your Clear30.

Instead of…

😥💭📉 Thinking about what you're giving up (🍃)

😁💭📈 Consider allll that you're gonna gain

🕺Picture future _CLIENTNAME_

📲 Actually texting people back (and starting convos first)
🤝 Feeling connected even in casual moments
🥳 Saying ""yes"" to invites without second-guessing

If you wanna talk social goals or just need support, I'm here - Just text back.",,true
119,11,,60,clear30-start-soon,true,Break-Reason,Pass Work-Required Drug Test,"I think framing is EVERYTHING as you start your Clear30.

Instead of…

😥💭📉 Thinking about what you're giving up (🍃)

😁💭📈 Consider allll that you're gonna gain

🕺Picture future _CLIENTNAME_

🧪 No stress when your boss schedules ""random"" testing
🗓️ Peace of mind knowing you’ll pass with flying colors
💼 Feeling confident at work—zero paranoia

If you wanna talk about testing, prep tips, or just need support, I'm here - Just text back.",,true
120,11,,60,clear30-start-soon,true,Break-Reason,Meet Legal Obligations,"I think framing is EVERYTHING as you start your Clear30.

Instead of…

😥💭📉 Thinking about what you're giving up (🍃)

😁💭📈 Consider allll that you're gonna gain

🕺Picture future _CLIENTNAME_

⚖️ Zero stress about upcoming check-ins
📆 Never worrying about random tests or surprise calls
😌 Feeling genuinely free—not just technically compliant

If you wanna talk goals, staying on track, or just need support, I'm here - Just text back.",,true
121,0,,30,life,true,,,"🎉 Welcome to Clear30 Life!

You're now in the ongoing version of Clear30 - less focused on a strict break, and more about daily support and helpful strategies to level up your life:

⚡ Productivity
🤝 Relationships
😊 Daily happiness

You'll still be able to track your smoking and get support anytime, but now there's even more to explore.

If you have questions or wanna chat, just text back - I'm always here!",end,true
122,0,,60,clear30-start-soon,false,Then-What,I want to use the same,"🥳 The countdown to 4/21 begins _CLIENTNAME_! 

My name is Julian. I'm a very real human being - and I'm here to help you power through your 4/21 break and explore relationship with 🍃

Your break doesn't start for another few days - so in the meantime we'll be sending some messages to get you prepared.

If you're nervous, excited, curious, or just wanna say hi - you can text back!",421,true
123,0,,60,clear30-start-soon,false,Then-What,I want to use less or use differently,"🥳 The countdown to 4/21 begins _CLIENTNAME_!

My name is Julian. I'm a very real human being - and I'm here to help you power through your 4/21 break and improve your relationship with 🍃

Your break doesn't start for another few days - so in the meantime we'll be sending some messages to get you prepared.

If you're nervous, excited, curious, or just wanna say hi - you can text back!",421,true
124,0,,60,clear30-start-soon,false,Then-What,I want to stop cannabis/weed use entirely,"🥳 The countdown to 4/21 begins _CLIENTNAME_!

My name is Julian. I'm a very real human being - and I'm here to help you power through your 4/21 break and QUIT weed.

Your break doesn't start for another few days - so in the meantime we'll be sending some messages to get you prepared.

If you're nervous, excited, curious, or just wanna say hi - you can text back!",421,true
125,0,,60,clear30-start-soon,false,Then-What,I don't know right now,"🥳 The countdown to 4/21 begins _CLIENTNAME_! 

My name is Julian. I'm a very real human being - and I'm here to help you power through your 4/21 break and explore relationship with 🍃

Your break doesn't start for another few days - so in the meantime we'll be sending some messages to get you prepared.

If you're nervous, excited, curious, or just wanna say hi - you can text back!",421,true
126,0,,60,clear30-start-soon,true,,,"Your 4/21 break starts today 🕺

Take a deep breath. You have nothing to lose, and everything to gain.

You've got this _CLIENTNAME_",421,true
127,1,,60,clear30-start-soon,true,,,"🌱✨ _CLIENTNAME_, your 4/21 Weed Break starts tomorrow!

Whether you're enjoying one last smoke today or already geared up to go weed-free - there's no right or wrong way to prepare.

Tomorrow's your fresh start, and you've got a whole community behind you.

It's gonna be awesome :)",421,true
128,2,,60,clear30-start-soon,true,,,"When people want to improve their lives they usually think about what they can add

💪 ""I should start lifting.""
🧘 ""I need to meditate more.""
💰 ""I gotta make more money.""

But sometimes, real change comes from what you subtract:

📱 Cutting out three hours of doomscrolling before bed
🍗 Dropping the late-night Popeyes binges
⏳ Stopping the cycle of procrastination

Maybe weed is part of that too. 4/21 is your chance to find out.",421,true
129,3,,60,clear30-start-soon,true,Break-Reason,Gain Mental Clarity,"I think framing is EVERYTHING as you start your 4/21 break.

Instead of…

😥💭📉 Thinking about what you're giving up (🍃)

😁💭📈 Consider allll that you're gonna gain

🕺Picture future _CLIENTNAME_

🥱 Waking up sharp as a tack
😏 Quick comebacks
🗺️ A bright burning memory


If you wanna talk goals or just need support, I'm here - Just text back. ",421,true
130,3,,60,clear30-start-soon,true,Break-Reason,Reduce Anxiety,"I think framing is EVERYTHING as you start your 4/21 break.

Instead of…

😥💭📉 Thinking about what you're giving up (🍃)

😁💭📈 Consider allll that you're gonna gain

🕺Picture future _CLIENTNAME_

😌 No racing thoughts at midnight
🌊 Calm vibes even when things get hectic
🚶‍♂️ Feeling genuinely chill in social situations

If you wanna talk goals or just need support, I'm here - Just text back.",421,true
131,3,,60,clear30-start-soon,true,Break-Reason,Reduce Depression,"I think framing is EVERYTHING as you start your 4/21 break.

Instead of…

😥💭📉 Thinking about what you're giving up (🍃)

😁💭📈 Consider allll that you're gonna gain

🕺Picture future _CLIENTNAME_

☀️ Actually waking up looking forward to the day
😂 Laughing at stuff and meaning it
🌱 Having energy for things you used to love

If you wanna talk goals or just need support, I'm here - Just text back.",421,true
132,3,,60,clear30-start-soon,true,Break-Reason,Reduce Being Stuck in Own Head,"I think framing is EVERYTHING as you start your 4/21 break.

Instead of…

😥💭📉 Thinking about what you're giving up (🍃)

😁💭📈 Consider allll that you're gonna gain

🕺Picture future _CLIENTNAME_

🧠 Making decisions without second-guessing
🎧 Being fully present in conversations
🌤️ Quiet mornings—without mental chatter

If you wanna talk through how to get out of your head (or just need support), I'm here—just text back.",421,true
133,3,,60,clear30-start-soon,true,Break-Reason,Improve Sleep Quality,"I think framing is EVERYTHING as you start your 4/21 break.

Instead of…

😥💭📉 Thinking about what you're giving up (🍃)

😁💭📈 Consider allll that you're gonna gain

🕺Picture future _CLIENTNAME_

🌙 Actually feeling rested when you wake up
🛌 Falling asleep without endless tossing & turning
☕ Not needing 3 coffees just to function

If you wanna chat about sleep—or anything else—I'm here. Just text back.",421,true
134,3,,60,clear30-start-soon,true,Break-Reason,Improve Self-Control and Intention,"I think framing is EVERYTHING as you start your 4/21 break.

Instead of…

😥💭📉 Thinking about what you're giving up (🍃)

😁💭📈 Consider allll that you're gonna gain

🕺Picture future _CLIENTNAME_

🎯 Finishing stuff you planned (without procrastinating)
🧘‍♂️ Feeling good about saying ""no"" to impulsive decisions
💪 Trusting yourself when you say you'll do something—and actually doing it

If you wanna talk goals, self-control, or just need support, I'm here—just text back.",421,true
135,3,,60,clear30-start-soon,true,Break-Reason,Reduce Dependency on Cannabis,"I think framing is EVERYTHING as you start your 4/21 break.

Instead of…

😥💭📉 Thinking about what you're giving up (🍃)

😁💭📈 Consider allll that you're gonna gain

🕺Picture future _CLIENTNAME_

🗓️ Going days without even thinking about smoking
🔋 Having energy without relying on weed
🚀 Feeling calm and clear-headed naturally

If you wanna talk about breaking habits or just need support, I'm here - Just text back.",421,true
136,3,,60,clear30-start-soon,true,Break-Reason,Explore Life Without Cannabis,"I think framing is EVERYTHING as you start your 4/21 break.

Instead of…

😥💭📉 Thinking about what you're giving up (🍃)

😁💭📈 Consider allll that you're gonna gain

🕺Picture future __CLIENTNAME__

🗺️ Enjoying hangouts without needing anything else
🌅 Being fully present (without feeling distracted)
✨ Discovering new interests you didn't expect

If you wanna talk goals or just need support, I'm here - Just text back.",421,true
137,3,,60,clear30-start-soon,true,Break-Reason,Improve Overall Health,"I think framing is EVERYTHING as you start your 4/21 break.

Instead of…

😥💭📉 Thinking about what you're giving up (🍃)

😁💭📈 Consider allll that you're gonna gain

🕺Picture future _CLIENTNAME_

🏃 Feeling lighter and sharper during the day
🥗 Actually craving stuff that makes you feel good
🌟 Noticing your body thanking you in unexpected ways

If you wanna talk health goals or just need support, I'm here - Just text back.",421,true
138,3,,60,clear30-start-soon,true,Break-Reason,Improve Lung Health,"I think framing is EVERYTHING as you start your 4/21 break.

Instead of…

😥💭📉 Thinking about what you're giving up (🍃)

😁💭📈 Consider allll that you're gonna gain

🕺Picture future _CLIENTNAME_

🏃‍♂️ Taking deep breaths without coughing
🌬️ Noticing how fresh the air actually feels
🫁 Realizing your lungs aren’t working overtime anymore

If you wanna talk goals or just need support, I'm here - Just text back.",421,true
139,3,,60,clear30-start-soon,true,Break-Reason,Increase Productivity,"I think framing is EVERYTHING as you start your 4/21 break.

Instead of…

😥💭📉 Thinking about what you're giving up (🍃)

😁💭📈 Consider allll that you're gonna gain

🕺Picture future _CLIENTNAME_

✅ Checking tasks off your list effortlessly
🧠 Staying focused—without zoning out
⚡ Having steady energy throughout the day

If you wanna talk productivity or just need support, I'm here - Just text back.",421,true
140,3,,60,clear30-start-soon,true,Break-Reason,Increase Motivation,"I think framing is EVERYTHING as you start your 4/21 break.

Instead of…

😥💭📉 Thinking about what you're giving up (🍃)

😁💭📈 Consider allll that you're gonna gain

🕺Picture future _CLIENTNAME_

🚀 Jumping into tasks without hesitation
🎯 Chasing your goals (instead of just talking about them)
⚡ Naturally feeling excited to start your day

If you wanna talk motivation or just need support, I'm here - Just text back.",421,true
141,3,,60,clear30-start-soon,true,Break-Reason,Save Money,"I think framing is EVERYTHING as you start your 4/21 break.

Instead of…

😥💭📉 Thinking about what you're giving up (🍃)

😁💭📈 Consider allll that you're gonna gain

🕺Picture future _CLIENTNAME_

💸 Seeing extra cash in your bank account
🍽️ Affording nicer dinners (without even planning for it)
🎟️ Spending money on stuff you actually love

If you wanna talk budgeting, goals, or just need support, I'm here - Just text back.",421,true
142,3,,60,clear30-start-soon,true,Break-Reason,Improve Current Relationships,"I think framing is EVERYTHING as you start your 4/21 break.

Instead of…

😥💭📉 Thinking about what you're giving up (🍃)

😁💭📈 Consider allll that you're gonna gain

🕺Picture future _CLIENTNAME_

😂 Laughing more (and meaning it)
🤝 Feeling more present with friends
📱 Conversations flowing naturally (no second-guessing texts)

If you wanna talk relationships or just need support, I'm here - Just text back.",421,true
143,3,,60,clear30-start-soon,true,Break-Reason,Enhance Social Connections,"I think framing is EVERYTHING as you start your 4/21 break.

Instead of…

😥💭📉 Thinking about what you're giving up (🍃)

😁💭📈 Consider allll that you're gonna gain

🕺Picture future _CLIENTNAME_

📲 Actually texting people back (and starting convos first)
🤝 Feeling connected even in casual moments
🥳 Saying ""yes"" to invites without second-guessing

If you wanna talk social goals or just need support, I'm here - Just text back.",421,true
144,3,,60,clear30-start-soon,true,Break-Reason,Pass Work-Required Drug Test,"I think framing is EVERYTHING as you start your 4/21 break.

Instead of…

😥💭📉 Thinking about what you're giving up (🍃)

😁💭📈 Consider allll that you're gonna gain

🕺Picture future _CLIENTNAME_

🧪 No stress when your boss schedules ""random"" testing
🗓️ Peace of mind knowing you’ll pass with flying colors
💼 Feeling confident at work—zero paranoia

If you wanna talk about testing, prep tips, or just need support, I'm here - Just text back.",421,true
145,3,,60,clear30-start-soon,true,Break-Reason,Meet Legal Obligations,"I think framing is EVERYTHING as you start your 4/21 break.

Instead of…

😥💭📉 Thinking about what you're giving up (🍃)

😁💭📈 Consider allll that you're gonna gain

🕺Picture future _CLIENTNAME_

⚖️ Zero stress about upcoming check-ins
📆 Never worrying about random tests or surprise calls
😌 Feeling genuinely free—not just technically compliant

If you wanna talk goals, staying on track, or just need support, I'm here - Just text back.",421,true
146,4,,60,clear30-start-soon,true,,,"🤔 _CLIENTNAME_, do you feel 4/21 might not be the best time to take a break?

📚 ""I have a big test!""
💸 ""The stock market is crashing!""
🦶 ""My foot just got run over by a tractor-trailer!""

Fair enough - these might all be legit reasons.
But there's NEVER a perfect time. Sometimes the ""wrong"" time is exactly the right time. 🚦

⏳ Only 4 days until your 4/21 break starts!",421,true
147,5,,60,clear30-start-soon,true,,,"I felt like one of the best parts about taking a break was realizing how much it helped me tackle other things in my life...

🛌 Want a better sleep schedule?
You'll already have built the consistency to do it.

🚭 Quitting vaping?
Those craving-management skills totally carry over.

🥗 Eating healthier?
Clear30 taught me to slow down, notice impulses, and choose what actually feels good.

So yeah - 4/21 is just a weed break, but afterward there's really no limit to what else you can take on.",421,true
148,6,,60,clear30-start-soon,true,,,"Before my first weed break, my routine was basically:

🥱 wake up
👨‍💻 work
😮‍💨 smoke
😴 sleep

When I finally took a break, I stopped feeling stuck and started:

🫣 talking to new people
🚶‍♂️ exploring places I'd never been
🥳 trying things I'd always put off

_CLIENTNAME_, I'm super excitefd for you. This 4/21 break is your chance to shake things up - I can't wait to see what happens!",421,true
149,7,,60,clear30-start-soon,true,,,"One thing that makes the biggest difference on any weed break is getting clear on WHY you're doing it.

Because when things get tricky—

😅 Cravings HIT
😮‍💨 Friends smoke around you
⛽️ Weed is within reach

Remembering your reason helps you push through every time.

With just 7 days until the 4/21 break kicks off, dig deep and think about why you joined the 4/21 break. Need help figuring it out? I'm right here - just text back!",421,true
151,0,,61,life,false,,,"Also, here’s a link to add us to your contacts! vv

https://m.clear30.org/Clear30+Contact+Card.vcf",,true
152,29,,,clear30,true,,,"Hey _CLIENTNAME_, this is Julian -  congrats on day 29 of your Clear30!
We'll be celebrating tomorrow, but before, I wanted to check if you’d be open to filming a short paid testimonial about your experience.
Here’s the link: clear30.org/testimonial
It should take about 5–10 minutes, and we’ll send you $20 as a thank-you :)",,true