id,program,question_id,question_response,check_in_days,sober_days,message
1,clear30,Break-Reason,Gain Mental Clarity,6,7,"😤 Locked in all week, _CLIENTNAME_!

Zero days smoking. That kind of focus changes everything.

💡 You set out for mental clarity, and you followed through. Staying committed gave you more space to think, focus, and feel present.

Take a sec to see how far you’ve come.

🌟 Check out your End of Week Summary: clear30://week-summary"
2,clear30,Break-Reason,Reduce Anxiety,6,7,"😤 Locked in all week _CLIENTNAME_!

Zero days smoking. That kind of focus changes everything.

🧘 You set out to reduce anxiety, and you followed through. Sticking with it builds the space to breathe and regain control - keep going.

Take a sec to see how far you’ve come.

🌟 Check out your End of Week Summary: clear30://week-summary"
3,clear30,Break-Reason,Reduce Depression,6,7,"☺️ Locked in all week, _CLIENTNAME_!

Zero days smoking. That kind of focus changes everything.

🌤️ You set out to reduce depression, and you followed through. That commitment to yourself is real—give yourself credit for showing up for what matters to you.

Take a sec to see how far you’ve come.

🌟 Check out your End of Week Summary: clear30://week-summary"
4,clear30,Break-Reason,Reduce Being Stuck in Own Head,6,7,"😇 Locked in all week, _CLIENTNAME_!

Zero days smoking. That kind of focus changes everything.

🌍 You set out to break free from feeling stuck, and you followed through. This week, you gave yourself more space to step outside the loop - let that sink in.

Take a sec to see how far you’ve come.

🌟 Check out your End of Week Summary: clear30://week-summary"
5,clear30,Break-Reason,Improve Sleep Quality,6,7,"😤 Locked in all week, _CLIENTNAME_!

Zero days smoking. That kind of focus changes everything.

🌙 You set out to improve sleep, and you followed through. Sticking with your decision is already a win - whether you're feeling the effects yet or not, you showed up for yourself this week.

Take a sec to see how far you’ve come.

🌟 Check out your End of Week Summary: clear30://week-summary"
6,clear30,Break-Reason,Improve Self-Control and Intention,6,7,"🎯 Locked in all week, _CLIENTNAME_!

Zero days smoking. That kind of focus changes everything.

🧭 You set out to build self-control and intention, and you followed through. Sticking to your choice this week proves that when you set your mind to something, you follow through.

Take a sec to see how far you’ve come.

🌟 Check out your End of Week Summary: clear30://week-summary"
7,clear30,Break-Reason,Reduce Dependency on Cannabis,6,7,"😤 Locked in all week, _CLIENTNAME_!

Zero days smoking. That kind of focus changes everything.

🔓 You set out to loosen cannabis’ grip on your life, and you followed through. This week, you made every decision - not the habit. That’s real progress.

Take a sec to see how far you’ve come.

🌟 Check out your End of Week Summary: clear30://week-summary"
8,clear30,Break-Reason,Explore Life Without Cannabis,6,7,"😤 Locked in all week, _CLIENTNAME_!

Zero days smoking. That kind of focus changes everything.

🌍 You set out to see what life looks like without cannabis, and you followed through. Now, you’ve got a full week of proof - real experience, not just wondering what if.

Take a sec to see how far you’ve come.

🌟 Check out your End of Week Summary: clear30://week-summary"
9,clear30,Break-Reason,Improve Overall Health,6,7,"😤 Locked in all week, _CLIENTNAME_!

Zero days smoking. That kind of focus changes everything.

💚 You set out to improve your health, and this week, every choice you made backed that up. That’s not just a goal anymore - it’s something you’re actively doing.

Take a sec to see what that looks like.

🌟 Check out your End of Week Summary: clear30://week-summary"
10,clear30,Break-Reason,Improve Lung Health,6,7,"😤 Locked in all week, _CLIENTNAME_!

Zero days smoking. That kind of focus changes everything.

💨 You gave your lungs a break, and whether you feel it yet or not, that’s real. Every inhale, a little clearer. Every choice, a little stronger. That’s worth recognizing.

Take a sec to see what that looks like.

🌟 Check out your End of Week Summary: clear30://week-summary"
11,clear30,Break-Reason,Increase Productivity,6,7,"💼 Locked in all week, _CLIENTNAME_!

Zero days smoking. That kind of focus changes everything.

📈 You set out to be more productive, and this week, you put yourself in the driver’s seat. More time, more clarity, more energy to put toward what actually matters to you.

Take a sec to see what that looks like.

🌟 Check out your End of Week Summary: clear30://week-summary"
12,clear30,Break-Reason,Increase Motivation,6,7,"🚀 Locked in all week, _CLIENTNAME_!

Zero days smoking. That kind of focus changes everything.

⚡ You set out to feel more motivated, and you made it happen. Whether it was big moves or just showing up, you kept the momentum going and that’s what fuels real change.

Take a sec to see what that looks like.

🌟 Check out your End of Week Summary: clear30://week-summary"
13,clear30,Break-Reason,Save Money,6,7,"💰 Locked in all week, _CLIENTNAME_!

Zero days smoking. That kind of focus changes everything.

💵 You set out to save money, and this week, you did exactly that—[money saved] back in your pocket. That could cover a night out, a gym membership, or something that actually adds to your life.

Take a sec to see what that looks like.

🌟 Check out your End of Week Summary: clear30://week-summary"
14,clear30,Break-Reason,Improve Current Relationships,6,7,"👥 Locked in all week, _CLIENTNAME_!

Zero days smoking. That kind of focus changes everything.

🤝 You set out to strengthen your relationships, and this week, you showed up for yourself and the people around you. Being more present, more engaged—it all starts with the choices you make.

Take a sec to see what that looks like.

🌟 Check out your End of Week Summary: clear30://week-summary"
15,clear30,Break-Reason,Enhance Social Connections,6,7,"🥳 Locked in all week, _CLIENTNAME_!

Zero days smoking. That kind of focus changes everything.

🎉 You set out to feel more connected, and this week, you gave yourself that chance. More presence, more real moments—every step you take opens the door to something bigger.

Take a sec to see what that looks like.

🌟 Check out your End of Week Summary: clear30://week-summary"
16,clear30,Break-Reason,Pass Work-Required Drug Test,6,7,"🧪 Locked in all week, _CLIENTNAME_!

Zero days smoking. That kind of focus changes everything.

✅ You set out to pass your drug test, and this week, you stayed locked in. That’s real discipline, and every day without smoking gets you closer to crossing that finish line.

Take a sec to see what that looks like.

🌟 Check out your End of Week Summary: clear30://week-summary"
17,clear30,Break-Reason,Meet Legal Obligations,6,7,"⚖️ Locked in all week, _CLIENTNAME_!

Zero days smoking. That kind of focus changes everything.

📜 You set out to meet your legal obligations, and this week, you stuck to it. You kept yourself on track, handled your business, and proved to yourself that you’ve got this.

Take a sec to see what that looks like.

🌟 Check out your End of Week Summary: clear30://week-summary"
18,clear30,Break-Reason,Gain Mental Clarity,6,4,"😤 You showed up for yourself this week, _CLIENTNAME_!

_SOBER_ days without smoking. That’s something to be proud of.

💡 You set out for mental clarity, and each of those smoke-free days gave you more space to think, focus, and feel present.

Take a sec to see how far you’ve come.

🌟 Check out your End of Week Summary: clear30://week-summary"
19,clear30,Break-Reason,Reduce Anxiety,6,4,"😤 You showed up for yourself this week, _CLIENTNAME_!

_SOBER_ days without smoking. That’s something to be proud of.

🧘 You set out to reduce anxiety, and each of those smoke-free days gave you space to breathe and take back control—one step at a time.

Take a sec to see how far you’ve come.

🌟 Check out your End of Week Summary: clear30://week-summary"
20,clear30,Break-Reason,Reduce Depression,6,4,"☺️ You showed up for yourself this week, _CLIENTNAME_!

_SOBER_ days without smoking. That’s something to be proud of.

🌤️ You set out to lift your mood, and every smoke-free day was a step toward feeling lighter, more present, and more in control of your path.

Take a sec to see how far you’ve come.

🌟 Check out your End of Week Summary: clear30://week-summary"
21,clear30,Break-Reason,Reduce Being Stuck in Own Head,6,4,"😇 You showed up for yourself this week, _CLIENTNAME_!

_SOBER_ days without smoking. That’s something to be proud of.

🌍 You set out to get out of your own head, and with each smoke-free day, you gave yourself more space to step outside the loop and reconnect with the world around you.

Take a sec to see how far you’ve come.

🌟 Check out your End of Week Summary: clear30://week-summary"
22,clear30,Break-Reason,Improve Sleep Quality,6,4,"🕺 You showed up for yourself this week, _CLIENTNAME_!

_SOBER_ days without smoking. That’s something to be proud of.

🌙 You set out to improve your sleep, and with each smoke-free night, you gave your body a real chance to reset and find its rhythm.

Take a sec to see how far you’ve come.

🌟 Check out your End of Week Summary: clear30://week-summary"
23,clear30,Break-Reason,Improve Self-Control and Intention,6,4,"🕺 You showed up for yourself this week, _CLIENTNAME_!

_SOBER_ days without smoking. That’s something to be proud of.

🧭 You set out to build self-control and intention, and this week, you proved to yourself that you can make choices that align with what you want. That’s real momentum.

Take a sec to see how far you’ve come.

🌟 Check out your End of Week Summary: clear30://week-summary"
24,clear30,Break-Reason,Reduce Dependency on Cannabis,6,4,"🕺 You showed up for yourself this week, _CLIENTNAME_!

_SOBER_ days without smoking. That’s something to be proud of.

🔓 You set out to loosen cannabis’ grip on your life, and every day you went without it was a reminder that you’re the one in control. That’s worth recognizing.

Take a sec to see how far you’ve come.

🌟 Check out your End of Week Summary: clear30://week-summary"
25,clear30,Break-Reason,Explore Life Without Cannabis,6,4,"🕺 You showed up for yourself this week, _CLIENTNAME_!

_SOBER_ days without smoking. That’s something to be proud of.

🌍 You set out to explore life without cannabis, and now you’ve got real experience—not just a thought, but proof of what’s possible.

Take a sec to see how far you’ve come.

🌟 Check out your End of Week Summary: clear30://week-summary"
26,clear30,Break-Reason,Improve Overall Health,6,4,"🕺 You showed up for yourself this week, _CLIENTNAME_!

_SOBER_ days without smoking. That’s something to be proud of.

💚 You set out to improve your health, and every smoke-free day was a choice that backed that up. Your body felt that, whether you noticed it yet or not.

Take a sec to see how far you’ve come.

🌟 Check out your End of Week Summary: clear30://week-summary"
27,clear30,Break-Reason,Improve Lung Health,6,4,"🕺 You showed up for yourself this week, _CLIENTNAME_!

_SOBER_ days without smoking. That’s something to be proud of.

🫁 You set out to give your lungs a break, and this week, you did exactly that. Each smoke-free day was time your lungs could recover—small changes that stack up.

Take a sec to see how far you’ve come.

🌟 Check out your End of Week Summary: clear30://week-summary"
28,clear30,Break-Reason,Increase Productivity,6,4,"🕺 You showed up for yourself this week, _CLIENTNAME_!

_SOBER_ days without smoking. That’s something to be proud of.

💼 You set out to be more productive, and this week, you gave yourself more time and focus to make that happen.

Take a sec to see how far you’ve come.

🌟 Check out your End of Week Summary: clear30://week-summary"
29,clear30,Break-Reason,Increase Motivation,6,4,"🕺 You showed up for yourself this week, _CLIENTNAME_!

_SOBER_ days without smoking. That’s something to be proud of.

🚀 You set out to boost your motivation, and this week, you kept yourself in control and moving forward.

Take a sec to see how far you’ve come.

🌟 Check out your End of Week Summary: clear30://week-summary"
30,clear30,Break-Reason,Save Money,6,4,"🕺 You showed up for yourself this week, _CLIENTNAME_!

_SOBER_ days without smoking. That’s something to be proud of.

💰 You set out to save money, and this week, you kept [money saved] in your pocket—your choice, your win.

Take a sec to see how far you’ve come.

🌟 Check out your End of Week Summary: clear30://week-summary"
31,clear30,Break-Reason,Improve Current Relationships,6,4,"🕺 You showed up for yourself this week, _CLIENTNAME_!

_SOBER_ days without smoking. That’s something to be proud of.

👥 You set out to strengthen your relationships, and this week, you made space to be more present with the people who matter.

Take a sec to see how far you’ve come.

🌟 Check out your End of Week Summary: clear30://week-summary"
32,clear30,Break-Reason,Enhance Social Connections,6,4,"🕺 You showed up for yourself this week, _CLIENTNAME_!

_SOBER_ days without smoking. That’s something to be proud of.

🥳 You set out to feel more connected, and this week, you gave yourself that chance. More presence, more real moments—that matters.

Take a sec to see how far you’ve come.

🌟 Check out your End of Week Summary: clear30://week-summary"
33,clear30,Break-Reason,Pass Work-Required Drug Test,6,4,"🕺 You showed up for yourself this week, _CLIENTNAME_!

_SOBER_ days without smoking. That’s something to be proud of.

🧪 You set out to pass your drug test, and this week, you stayed on track. You’re making sure you’re ready when it counts.

Take a sec to see how far you’ve come.

🌟 Check out your End of Week Summary: clear30://week-summary"
34,clear30,Break-Reason,Meet Legal Obligations,6,4,"🕺 You showed up for yourself this week, _CLIENTNAME_!

_SOBER_ days without smoking. That’s something to be proud of.

⚖️ You set out to meet your legal obligations, and this week, you kept yourself on track. You’re handling what needs to get done—on your terms.

Take a sec to see how far you’ve come.

🌟 Check out your End of Week Summary: clear30://week-summary"
35,clear30,Break-Reason,Gain Mental Clarity,6,1,"😊 You showed up this week, _CLIENTNAME_!

You had _SOBER_ smoke-free days, and that’s something to build on. You started this to clear your mind, to think sharper and feel more present. Every time you checked in, you kept that intention alive.

🔄 A new week is a chance to take it further. Keep what worked, adjust what didn’t, and step into Monday ready.

🌟 Check out your End of Week Summary & set yourself up for next week: clear30://week-summary"
36,clear30,Break-Reason,Reduce Anxiety,6,1,"😊 You showed up this week, _CLIENTNAME_!

You had _SOBER_ smoke-free days, and that’s something to build on. You started this to feel less on edge, to quiet the racing thoughts. Sticking with it this week gave you that chance.

🔄 A new week is a chance to take it further. Keep what worked, adjust what didn’t, and step into Monday ready.

🌟 Check out your End of Week Summary & set yourself up for next week: clear30://week-summary"
37,clear30,Break-Reason,Reduce Depression,6,1,"😊 You showed up this week, _CLIENTNAME_!

You had _SOBER_ smoke-free days, and that’s something to build on. You started this to lift yourself up, to break free from feeling weighed down. Each day you checked in, you took a step toward that.

🔄 A new week is a chance to take it further. Keep what worked, adjust what didn’t, and step into Monday ready.

🌟 Check out your End of Week Summary & set yourself up for next week: clear30://week-summary"
38,clear30,Break-Reason,Reduce Being Stuck in Own Head,6,1,"📅 You stayed consistent all week, _CLIENTNAME_!

You had _SOBER_ smoke-free days, and that’s something to build on. You started this to break out of your own head, to feel more connected to what’s around you. Every time you checked in, you took a step toward that.

🔄 A new week is a chance to take it further. Keep what worked, adjust what didn’t, and step into Monday ready.

🌟 Check out your End of Week Summary & set yourself up for next week: clear30://week-summary"
39,clear30,Break-Reason,Improve Sleep Quality,6,1,"📅 You stayed consistent all week, _CLIENTNAME_!

You had _SOBER_ smoke-free days, and that’s something to build on. You started this to sleep better, to wake up feeling rested instead of drained. Each time you stayed on track, you gave yourself that opportunity.

🔄 A new week is a chance to take it further. Keep what worked, adjust what didn’t, and step into Monday ready.

🌟 Check out your End of Week Summary & set yourself up for next week: clear30://week-summary"
40,clear30,Break-Reason,Improve Self-Control and Intention,6,1,"📅 You stayed consistent all week, _CLIENTNAME_!

You had _SOBER_ smoke-free days, and that’s something to build on. You started this to take back control, to make choices that actually align with what you want. Sticking with it this week showed that you’re doing exactly that.

🔄 A new week is a chance to take it further. Keep what worked, adjust what didn’t, and step into Monday ready.

🌟 Check out your End of Week Summary & set yourself up for next week: clear30://week-summary"
41,clear30,Break-Reason,Reduce Dependency on Cannabis,6,1,"🔓 You took steps toward freedom this week, _CLIENTNAME_!

_SOBER_ smoke-free days means you made the call, not the habit. It’s not about being perfect—it’s about proving you can break the cycle.

🔄 New week, fresh start. Keep building on what worked.

🌟 Check your End of Week Summary: clear30://week-summary"
42,clear30,Break-Reason,Explore Life Without Cannabis,6,1,"🌱 You got a taste of life beyond weed, _CLIENTNAME_!

_SOBER_ smoke-free days let you see a little more of what’s possible. What moments felt different? What surprised you?

🔄 Next week, try another shift. See where it takes you.

🌟 Check your End of Week Summary: clear30://week-summary"
43,clear30,Break-Reason,Improve Overall Health,6,1,"💪 You made moves for your health, _CLIENTNAME_!

_SOBER_ days without smoking—that’s real progress. Every break you take gives your body more room to reset.

🔄 A new week’s ahead. What’s one thing you can build on?

🌟 Check your End of Week Summary: clear30://week-summary"
44,clear30,Break-Reason,Improve Lung Health,6,1,"💨 Your lungs got a break this week, _CLIENTNAME_!

_SOBER_ smoke-free days means clearer breaths, even if you don’t feel it yet. Every choice adds up.

🔄 Next week, keep stacking those wins.

🌟 Check your End of Week Summary: clear30://week-summary"
45,clear30,Break-Reason,Increase Productivity,6,1,"📈 You made space to focus this week, _CLIENTNAME_!

_SOBER_ days without smoking gave you more control over your time. What did you get done? What felt easier?

🔄 Next week, keep that momentum rolling.

🌟 Check your End of Week Summary: clear30://week-summary"
46,clear30,Break-Reason,Increase Motivation,6,1,"⚡ You showed up for yourself this week, _CLIENTNAME_!

_SOBER_ smoke-free days meant more energy, more clarity, more you. Even small wins add up.

🔄 Take that momentum into next week. Let’s go.

🌟 Check your End of Week Summary: clear30://week-summary"
47,clear30,Break-Reason,Save Money,6,1,"💵 You kept cash in your pocket, _CLIENTNAME_!

_SOBER_ smoke-free days = real savings. What else could that money go toward?

🔄 New week, fresh start—see what else you can stack.

🌟 Check your End of Week Summary: clear30://week-summary"
48,clear30,Break-Reason,Improve Current Relationships,6,1,"🤝 You showed up for yourself—and others—this week, _CLIENTNAME_!

_SOBER_ smoke-free days gave you more presence, more clarity. Notice any shifts in your connections?

🔄 Keep building next week. Small steps, big impact.

🌟 Check your End of Week Summary: clear30://week-summary"
49,clear30,Break-Reason,Enhance Social Connections,6,1,"🎉 You gave yourself more chances to connect, _CLIENTNAME_!

_SOBER_ smoke-free days meant more presence in real moments. Did you notice any shifts in your social energy?

🔄 Keep building on it next week—see what happens.

🌟 Check your End of Week Summary: clear30://week-summary"
50,clear30,Break-Reason,Pass Work-Required Drug Test,6,1,"✅ You stayed on track, _CLIENTNAME_!

_SOBER_ smoke-free days this week = progress toward passing that test. Every choice you make brings you closer.

🔄 New week, fresh focus—keep stacking wins.

🌟 Check your End of Week Summary: clear30://week-summary"
51,clear30,Break-Reason,Meet Legal Obligations,6,1,"📜 You kept yourself moving forward, _CLIENTNAME_!

_SOBER_ smoke-free days means you’re handling business. You’re proving to yourself you can stick to this.

🔄 Keep pushing next week—one step at a time.

🌟 Check your End of Week Summary: clear30://week-summary"
52,clear30,Break-Reason,Gain Mental Clarity,6,0,"🫡 You stuck with it, _CLIENTNAME_.

You smoked every day—but you also showed up, checked in, and built a habit. That’s huge.

You started this to clear your mind and think sharper. Same habit, same check-ins—just aiming for more no-smoke days. Every step counts.

🌟 See your End of Week Summary & get ready to lock in next week: clear30://week-summary"
53,clear30,Break-Reason,Reduce Anxiety,6,0,"🫡 You stuck with it, _CLIENTNAME_.

You smoked every day—but you also showed up, checked in, and built a habit. That’s huge.

You started this to ease anxiety and feel more in control. Same check-ins, same effort—now let’s use that habit to create more space for calm.

🌟 See your End of Week Summary & get ready to lock in next week: clear30://week-summary"
54,clear30,Break-Reason,Reduce Depression,6,0,"🫡 You stuck with it, _CLIENTNAME_.

You smoked every day—but you also showed up, checked in, and built a habit. That’s huge.

You started this to feel lighter and lift yourself up. Now, it’s about shifting that consistency toward more no-smoke days—small wins that add up.

🌟 See your End of Week Summary & get ready to lock in next week: clear30://week-summary"
55,clear30,Break-Reason,Reduce Being Stuck in Own Head,6,0,"🫡 You stuck with it, _CLIENTNAME_.

You smoked every day—but you also showed up, checked in, and built a habit. That’s huge.

You started this to break out of your own head and feel more connected. Now it’s just about flipping that habit—aiming for more moments of clarity and presence.

🌟 See your End of Week Summary & get ready to lock in next week: clear30://week-summary"
56,clear30,Break-Reason,Improve Sleep Quality,6,0,"🫡 You stuck with it, _CLIENTNAME_.

You smoked every day—but you also showed up, checked in, and built a habit. That’s huge.

You started this to get better sleep. Now, it’s about shifting that effort toward nights with real rest—no grogginess, just actual recovery.

🌟 See your End of Week Summary & get ready to lock in next week: clear30://week-summary"
57,clear30,Break-Reason,Improve Self-Control and Intention,6,0,"🫡 You stuck with it, _CLIENTNAME_.

You smoked every day—but you also showed up, checked in, and built a habit. That’s huge.

You set out to have more control over your choices. You’ve already proven you can stay consistent—now, it’s about using that to shape the habits you actually want.

🌟 See your End of Week Summary & get ready to lock in next week: clear30://week-summary"
58,clear30,Break-Reason,Reduce Dependency on Cannabis,6,0,"🫡 You stuck with it, _CLIENTNAME_.

You smoked every day—but you also showed up, checked in, and built a habit. That’s huge.

You started this to loosen cannabis’ grip on your life. Now, it’s about flipping that consistency toward more no-smoke days—one at a time.

🌟 See your End of Week Summary & get ready to lock in next week: clear30://week-summary"
59,clear30,Break-Reason,Explore Life Without Cannabis,6,0,"🫡 You stuck with it, _CLIENTNAME_.

You smoked every day—but you also showed up, checked in, and built a habit. That’s huge.

You wanted to see what life looks like without cannabis. This is the first step—now, it’s about using that same routine to create real space for clarity.

🌟 See your End of Week Summary & get ready to lock in next week: clear30://week-summary"
60,clear30,Break-Reason,Improve Overall Health,6,0,"🫡 You stuck with it, _CLIENTNAME_.

You smoked every day—but you also showed up, checked in, and built a habit. That’s huge.

You started this for your health. Every time you check in, you’re reinforcing that goal—now, let’s shift that toward more days where your body gets a real reset.

🌟 See your End of Week Summary & get ready to lock in next week: clear30://week-summary"
61,clear30,Break-Reason,Improve Lung Health,6,0,"🫡 You stuck with it, _CLIENTNAME_.

You smoked every day—but you also showed up, checked in, and built a habit. That’s huge.

You started this to give your lungs a break. Now, it’s about using that same consistency to create space for clearer breaths and stronger lungs.

🌟 See your End of Week Summary & get ready to lock in next week: clear30://week-summary"
62,clear30,Break-Reason,Increase Productivity,6,0,"🫡 You stuck with it, _CLIENTNAME_.

You smoked every day—but you also showed up, checked in, and built a habit. That’s huge.

You set out to be more productive. Now, it’s about using that same energy to take back your time and focus—one choice at a time.

🌟 See your End of Week Summary & get ready to lock in next week: clear30://week-summary"
63,clear30,Break-Reason,Increase Motivation,6,0,"🫡 You stuck with it, _CLIENTNAME_.

You smoked every day—but you also showed up, checked in, and built a habit. That’s huge.

You wanted to feel more motivated. Now, let’s take that consistency and turn it into action—more no-smoke days, more momentum.

🌟 See your End of Week Summary & get ready to lock in next week: clear30://week-summary"
64,clear30,Break-Reason,Save Money,6,0,"🫡 You stuck with it, _CLIENTNAME_.

You smoked every day—but you also showed up, checked in, and built a habit. That’s huge.

You started this to save money. Every no-smoke day is more cash in your pocket—let’s shift your effort toward keeping that going.

🌟 See your End of Week Summary & get ready to lock in next week: clear30://week-summary"
65,clear30,Break-Reason,Improve Current Relationships,6,0,"🫡 You stuck with it, _CLIENTNAME_.

You smoked every day—but you also showed up, checked in, and built a habit. That’s huge.

You set out to improve your relationships. More presence, more real connection—now it’s about creating more space for that.

🌟 See your End of Week Summary & get ready to lock in next week: clear30://week-summary"
66,clear30,Break-Reason,Enhance Social Connections,6,0,"🫡 You stuck with it, _CLIENTNAME_.

You smoked every day—but you also showed up, checked in, and built a habit. That’s huge.

You wanted to feel more connected. This is the first step—now, let’s use that effort to build more moments that actually matter.

🌟 See your End of Week Summary & get ready to lock in next week: clear30://week-summary"
67,clear30,Break-Reason,Pass Work-Required Drug Test,6,0,"🫡 You stuck with it, _CLIENTNAME_.

You smoked every day—but you also showed up, checked in, and built a habit. That’s huge.

You started this to pass your drug test. Every day you check in is another step toward making that happen—now let’s push for even more no-smoke days.

🌟 See your End of Week Summary & get ready to lock in next week: clear30://week-summary"
68,clear30,Break-Reason,Meet Legal Obligations,6,0,"🫡 You stuck with it, _CLIENTNAME_.

You smoked every day—but you also showed up, checked in, and built a habit. That’s huge.

You set out to meet your legal obligations. You’re showing up and keeping track—that’s real accountability. Now, let’s use that momentum to get you where you need to be.

🌟 See your End of Week Summary & get ready to lock in next week: clear30://week-summary"
69,clear30,Break-Reason,Gain Mental Clarity,4,4,"🥳 Hey _CLIENTNAME_ - great job Clear30’ing this week!

You checked in _CHECKED_IN_ times and had _SOBER_ no-smoke days—we see you putting in the effort.

💡 More clarity, more control. Every day you stick with this, you’re giving yourself more space to think, focus, and stay sharp.

Let’s close out the week—let us know how the rest of it went below 👇

📲 clear30://week-summary"
70,clear30,Break-Reason,Reduce Anxiety,4,4,"🥳 Hey _CLIENTNAME_ - great job Clear30’ing this week!

You checked in _CHECKED_IN_ times and had _SOBER_ no-smoke days—we see you putting in the effort.

😤 You’re building real calm. Every time you check in, you’re giving yourself a chance to break the stress cycle and regain control.

Let’s close out the week—let us know how the rest of it went below 👇

📲 clear30://week-summary"
71,clear30,Break-Reason,Reduce Depression,4,4,"🥳 Hey _CLIENTNAME_ - great job Clear30’ing this week!

You checked in _CHECKED_IN_ times and had _SOBER_ no-smoke days—we see you putting in the effort.

☺️ You’re showing up for yourself. Every step forward is a step toward feeling lighter, more present, and more like you.

Let’s close out the week—let us know how the rest of it went below 👇

📲 clear30://week-summary"
72,clear30,Break-Reason,Reduce Being Stuck in Own Head,4,4,"🥳 Hey _CLIENTNAME_ - great job Clear30’ing this week!

You checked in _CHECKED_IN_ times and had _SOBER_ no-smoke days—we see you putting in the effort.

😇 Breaking out of the loop, one day at a time. The more you stay with this, the more space you give yourself to reconnect with what matters.

Let’s close out the week—let us know how the rest of it went below 👇

📲 clear30://week-summary"
73,clear30,Break-Reason,Improve Sleep Quality,4,4,"🥳 Hey _CLIENTNAME_ - great job Clear30’ing this week!

You checked in _CHECKED_IN_ times and had _SOBER_ no-smoke days—we see you putting in the effort.

😴 Better sleep starts here. Each choice you made this week helped you move toward real rest and clearer mornings.

Let’s close out the week—let us know how the rest of it went below 👇

📲 clear30://week-summary"
74,clear30,Break-Reason,Improve Self-Control and Intention,4,4,"🥳 Hey _CLIENTNAME_ - great job Clear30’ing this week!

You checked in _CHECKED_IN_ times and had _SOBER_ no-smoke days—we see you putting in the effort.

🎯 You're staying in control. Every time you checked in, you made a choice that actually aligned with what you want.

Let’s close out the week—let us know how the rest of it went below 👇

📲 clear30://week-summary"
75,clear30,Break-Reason,Reduce Dependency on Cannabis,4,4,"🥳 Hey _CLIENTNAME_ - great job Clear30’ing this week!

You checked in _CHECKED_IN_ times and had _SOBER_ no-smoke days—we see you putting in the effort.

🛑 You're taking back control. Every time you chose not to smoke, you proved to yourself that you’re in charge—not the habit.

Let’s close out the week—let us know how the rest of it went below 👇

📲 clear30://week-summary"
76,clear30,Break-Reason,Explore Life Without Cannabis,4,4,"🥳 Hey _CLIENTNAME_ - great job Clear30’ing this week!

You checked in _CHECKED_IN_ times and had _SOBER_ no-smoke days—we see you putting in the effort.

🌍 You're seeing life with fresh eyes. Every day without smoking is a chance to experience things in a new way.

Let’s close out the week—let us know how the rest of it went below 👇

📲 clear30://week-summary"
77,clear30,Break-Reason,Improve Overall Health,4,4,"🥳 Hey _CLIENTNAME_ - great job Clear30’ing this week!

You checked in _CHECKED_IN_ times and had _SOBER_ no-smoke days—we see you putting in the effort.

💚 Every choice adds up. Whether it’s big or small, every step you take is moving you toward a healthier you.

Let’s close out the week—let us know how the rest of it went below 👇

📲 clear30://week-summary"
78,clear30,Break-Reason,Improve Lung Health,4,4,"🥳 Hey _CLIENTNAME_ - great job Clear30’ing this week!

You checked in _CHECKED_IN_ times and had _SOBER_ no-smoke days—we see you putting in the effort.

💚 Every choice adds up. Whether it’s big or small, every step you take is moving you toward a healthier you.

Let’s close out the week—let us know how the rest of it went below 👇

📲 clear30://week-summary"
79,clear30,Break-Reason,Increase Productivity,4,4,"🥳 Hey _CLIENTNAME_ - great job Clear30’ing this week!

You checked in _CHECKED_IN_ times and had _SOBER_ no-smoke days—we see you putting in the effort.

💼 More focus, more energy. This week, you gave yourself more time to lock in and get things done.

Let’s close out the week—let us know how the rest of it went below 👇

📲 clear30://week-summary"
80,clear30,Break-Reason,Increase Motivation,4,4,"🥳 Hey _CLIENTNAME_ - great job Clear30’ing this week!

You checked in _CHECKED_IN_ times and had _SOBER_ no-smoke days—we see you putting in the effort.

🚀 You kept the momentum going. Even on tough days, you showed up for yourself—and that’s what fuels real change.

Let’s close out the week—let us know how the rest of it went below 👇

📲 clear30://week-summary"
81,clear30,Break-Reason,Save Money,4,4,"🥳 Hey _CLIENTNAME_ - great job Clear30’ing this week!

You checked in _CHECKED_IN_ times and had _SOBER_ no-smoke days—we see you putting in the effort.

💰 More money stays in your pocket. Every day you didn’t smoke added up—think about what else you can put that toward.

Let’s close out the week—let us know how the rest of it went below 👇

📲 clear30://week-summary"
82,clear30,Break-Reason,Improve Current Relationships,4,4,"🥳 Hey _CLIENTNAME_ - great job Clear30’ing this week!

You checked in _CHECKED_IN_ times and had _SOBER_ no-smoke days—we see you putting in the effort.

👥 Showing up for yourself means showing up for others. Whether it’s friends, family, or relationships, every step forward makes you more present.

Let’s close out the week—let us know how the rest of it went below 👇

📲 clear30://week-summary"
83,clear30,Break-Reason,Enhance Social Connections,4,4,"🥳 Hey _CLIENTNAME_ - great job Clear30’ing this week!

You checked in _CHECKED_IN_ times and had _SOBER_ no-smoke days—we see you putting in the effort.

🥳 You’re making space for real connections. Every choice you make helps open the door to more meaningful moments with the people around you.

Let’s close out the week—let us know how the rest of it went below 👇

📲 clear30://week-summary"
84,clear30,Break-Reason,Pass Work-Required Drug Test,4,4,"🥳 Hey _CLIENTNAME_ - great job Clear30’ing this week!

You checked in _CHECKED_IN_ times and had _SOBER_ no-smoke days—we see you putting in the effort.

🧪 Every smoke-free day gets you closer to passing. You’re putting in the work, and it’s adding up. Keep locking in.

Let’s close out the week—let us know how the rest of it went below 👇

📲 clear30://week-summary"
85,clear30,Break-Reason,Meet Legal Obligations,4,4,"🥳 Hey _CLIENTNAME_ - great job Clear30’ing this week!

You checked in _CHECKED_IN_ times and had _SOBER_ no-smoke days—we see you putting in the effort.

⚖️ You’re staying on track. Each step forward keeps you aligned with your goals—and your obligations. Keep at it.

Let’s close out the week—let us know how the rest of it went below 👇

📲 clear30://week-summary"
86,clear30,Break-Reason,Gain Mental Clarity,4,0,"💡 Hey _CLIENTNAME_ - great job Clear30’ing this week!

You checked in _CHECKED_IN_ times, and that kind of consistency builds real momentum. You started Clear30 to gain more mental clarity—every check-in is a step toward that.

Let’s finish strong—let us know how the rest of the week went below 👇

📲 clear30://check-in"
87,clear30,Break-Reason,Reduce Anxiety,4,0,"😤 Hey _CLIENTNAME_ - great job Clear30’ing this week!

You checked in _CHECKED_IN_ times, and that effort adds up. You set out to manage stress and feel more in control—sticking with it, even on hard days, is what makes the difference.

Let’s wrap up the week—let us know how the rest of it went below 👇

📲 clear30://check-in"
88,clear30,Break-Reason,Reduce Depression,4,0,"☺️ Hey _CLIENTNAME_ - great job Clear30’ing this week!

You checked in _CHECKED_IN_ times, and that kind of consistency matters. You started this to work toward feeling better, and every check-in is proof you’re staying engaged with your goal.

Let’s finish it up—let us know how the rest of the week went below 👇

📲 clear30://check-in"
89,clear30,Break-Reason,Reduce Being Stuck in Own Head,4,0,"😇 Hey _CLIENTNAME_ - great job Clear30’ing this week!

You checked in _CHECKED_IN_ times, and that shows commitment. You set out to feel more present and connected, and keeping track like this keeps that goal in focus.

Let’s close out the week—let us know how the rest of it went below 👇

📲 clear30://check-in"
90,clear30,Break-Reason,Improve Sleep Quality,4,0,"😴 Hey _CLIENTNAME_ - great job Clear30’ing this week!

Checking in _CHECKED_IN_ times shows real consistency. You started this to improve your sleep—keep building on that progress.

Let’s close out the week—let us know how the rest of it went below 👇

📲 clear30://check-in"
91,clear30,Break-Reason,Improve Self-Control and Intention,4,0,"😃 Hey _CLIENTNAME_ - great job Clear30’ing this week!

Checking in _CHECKED_IN_ times proves you’re staying intentional. Every step forward puts more control in your hands.

Let’s close out the week—let us know how the rest of it went below 👇

📲 clear30://check-in"
92,clear30,Break-Reason,Reduce Dependency on Cannabis,4,0,"🙂 Hey _CLIENTNAME_ - great job Clear30’ing this week!

Showing up _CHECKED_IN_ times is real progress. This break is about loosening cannabis’ grip, and you're putting in the work.

Let’s close out the week—let us know how the rest of it went below 👇

📲 clear30://check-in"
93,clear30,Break-Reason,Explore Life Without Cannabis,4,0,"😁 Hey _CLIENTNAME_ - great job Clear30’ing this week!

You’ve checked in _CHECKED_IN_ times—that consistency matters. Keep exploring what life looks like on your terms.

Let’s close out the week—let us know how the rest of it went below 👇

📲 clear30://check-in"
94,clear30,Break-Reason,Improve Overall Health,4,0,"😊 Hey _CLIENTNAME_ - great job Clear30’ing this week!

_CHECKED_IN_ check-ins this week means you’re staying with it. Your health goals aren’t just an idea—you’re making them real.

Let’s close out the week—let us know how the rest of it went below 👇

📲 clear30://check-in"
95,clear30,Break-Reason,Improve Lung Health,4,0,"🙂 Hey _CLIENTNAME_ - great job Clear30’ing this week!

You’ve checked in _CHECKED_IN_ times, proving your commitment. Every step forward is a step toward cleaner lungs.

Let’s close out the week—let us know how the rest of it went below 👇

📲 clear30://check-in"
96,clear30,Break-Reason,Increase Productivity,4,0,"😃 Hey _CLIENTNAME_ - great job Clear30’ing this week!

Checking in _CHECKED_IN_ times means you’re staying engaged. Keep pushing toward the clarity and productivity you set out for.

Let’s close out the week—let us know how the rest of it went below 👇

📲 clear30://check-in"
97,clear30,Break-Reason,Increase Motivation,4,0,"💁‍♂️ Hey _CLIENTNAME_ - great job Clear30’ing this week!

You checked in _CHECKED_IN_ times—that’s how momentum builds. Keep pushing toward the motivation you set out for.

Let’s close out the week—let us know how the rest of it went below 👇

📲 clear30://check-in"
98,clear30,Break-Reason,Save Money,4,0,"💁‍♂️ Hey _CLIENTNAME_ - great job Clear30’ing this week!

You’ve kept at it _CHECKED_IN_ times this week, and that effort adds up—just like the money you’re saving.

Let’s close out the week—let us know how the rest of it went below 👇

📲 clear30://check-in"
99,clear30,Break-Reason,Improve Current Relationships,4,0,"💁‍♂️ Hey _CLIENTNAME_ - great job Clear30’ing this week!

You’ve checked in _CHECKED_IN_ times—staying consistent matters. The time and energy you’re putting in can strengthen your relationships.

Let’s close out the week—let us know how the rest of it went below 👇

📲 clear30://check-in"
100,clear30,Break-Reason,Enhance Social Connections,4,0,"💁‍♂️ Hey _CLIENTNAME_ - great job Clear30’ing this week!

_CHECKED_IN_ check-ins this week means you’re staying engaged. Small steps lead to stronger connections—keep building on that.

Let’s close out the week—let us know how the rest of it went below 👇

📲 clear30://check-in"
101,clear30,Break-Reason,Pass Work-Required Drug Test,4,0,"💁‍♂️ Hey _CLIENTNAME_ - great job Clear30’ing this week!

_CHECKED_IN_ check-ins shows you’re locked in. Staying on track gets you closer to passing that test—keep going.

Let’s close out the week—let us know how the rest of it went below 👇

📲 clear30://check-in"
102,clear30,Break-Reason,Meet Legal Obligations,4,0,"💁‍♂️ Hey _CLIENTNAME_ - great job Clear30’ing this week!

Checking in _CHECKED_IN_ times means you’re staying on top of your goals. Keep handling business and staying on track with your legal obligations.

Let’s close out the week—let us know how the rest of it went below 👇

📲 clear30://check-in"
103,clear30,Break-Reason,Gain Mental Clarity,1,1,"🙋‍♂️ Hey _CLIENTNAME_ - great job not smoking on _DAY_OF_WEEK_!
That’s one more day of clearer thinking and sharper focus. Before we wrap the week, check in and make sure everything looks right. 👇
📲 Catch up here: clear30://week-summary"
104,clear30,Break-Reason,Reduce Anxiety,1,1,"🙋‍♂️ Hey _CLIENTNAME_ - great job not smoking on _DAY_OF_WEEK_!
Each time you stay on track, you give yourself more space to breathe. Before we wrap the week, take a sec to check in and make sure everything looks right. 👇
📲 Catch up here: clear30://week-summary"
105,clear30,Break-Reason,Reduce Depression,1,1,"🙋‍♂️ Hey _CLIENTNAME_ - great job not smoking on _DAY_OF_WEEK_!
Every small step counts toward feeling lighter and more yourself. Before we wrap the week, check in and make sure everything looks right. 👇
📲 Catch up here: clear30://week-summary"
106,clear30,Break-Reason,Reduce Being Stuck in Own Head,1,1,"🙋‍♂️ Hey _CLIENTNAME_ - great job not smoking on _DAY_OF_WEEK_!
That’s one more day of breaking out of the loop and staying present. Before we close out the week, check in and make sure everything looks right. 👇
📲 Catch up here: clear30://week-summary"
107,clear30,Break-Reason,Improve Sleep Quality,1,1,"🙋‍♂️ Hey _CLIENTNAME_ - great job not smoking on _DAY_OF_WEEK_!
Your body’s getting the reset it needs. Before we wrap the week, check in and make sure everything looks right. 👇
📲 Catch up here: clear30://week-summary"
108,clear30,Break-Reason,Improve Self-Control and Intention,1,1,"🙋‍♂️ Hey _CLIENTNAME_ - great job not smoking on _DAY_OF_WEEK_!
That’s proof that you make the choices—not the habit. Lock in your progress before the week ends. 👇
📲 Catch up here: clear30://week-summary"
109,clear30,Break-Reason,Reduce Dependency on Cannabis,1,1,"🙋‍♂️ Hey _CLIENTNAME_ - great job not smoking on _DAY_OF_WEEK_!
That’s one more day of breaking the cycle and choosing what’s best for you. Lock in your progress before the week ends. 👇
📲 Catch up here: clear30://week-summary"
110,clear30,Break-Reason,Explore Life Without Cannabis,1,1,"🙋‍♂️ Hey _CLIENTNAME_ - great job not smoking on _DAY_OF_WEEK_!
You’re giving yourself the chance to see what life looks like on your terms. Before the week ends, check in and make sure everything looks right. 👇
📲 Catch up here: clear30://week-summary"
111,clear30,Break-Reason,Improve Overall Health,1,1,"🙋‍♂️ Hey _CLIENTNAME_ - great job not smoking on _DAY_OF_WEEK_!
That’s one more day of making choices that support your body. Lock in your progress before the week ends. 👇
📲 Catch up here: clear30://week-summary"
112,clear30,Break-Reason,Improve Lung Health,1,1,"🙋‍♂️ Hey _CLIENTNAME_ - great job not smoking on _DAY_OF_WEEK_!
Every smoke-free day helps your lungs recover. Check in before the week wraps and make sure everything looks right. 👇
📲 Catch up here: clear30://week-summary"
113,clear30,Break-Reason,Increase Productivity,1,1,"🙋‍♂️ Hey _CLIENTNAME_ - great job not smoking on _DAY_OF_WEEK_!
More focus, more energy, more time for what actually matters. Lock in your progress before the week ends. 👇
📲 Catch up here: clear30://week-summary"
114,clear30,Break-Reason,Increase Motivation,1,1,"🙋‍♂️ Hey _CLIENTNAME_ - great job not smoking on _DAY_OF_WEEK_!
Momentum starts with small wins—this one counts. Lock in your progress before the week ends. 👇
📲 Catch up here: clear30://week-summary"
115,clear30,Break-Reason,Save Money,1,1,"🙋‍♂️ Hey _CLIENTNAME_ - great job not smoking on _DAY_OF_WEEK_!
That’s money in your pocket instead of up in smoke. Check in and make sure everything looks right. 👇
📲 Catch up here: clear30://week-summary"
116,clear30,Break-Reason,Improve Current Relationships,1,1,"🙋‍♂️ Hey _CLIENTNAME_ - great job not smoking on _DAY_OF_WEEK_!
More presence, more real connection—this is a win. Lock in your progress before the week ends. 👇
📲 Catch up here: clear30://week-summary"
117,clear30,Break-Reason,Enhance Social Connections,1,1,"🙋‍♂️ Hey _CLIENTNAME_ - great job not smoking on _DAY_OF_WEEK_!
You’re giving yourself space for real connection. Before we wrap the week, check in and make sure everything looks right. 👇
📲 Catch up here: clear30://week-summary"
118,clear30,Break-Reason,Pass Work-Required Drug Test,1,1,"🙋‍♂️ Hey _CLIENTNAME_ - great job not smoking on _DAY_OF_WEEK_!
Every day counts toward the goal. Lock in your progress before the week ends. 👇
📲 Catch up here: clear30://week-summary"
119,clear30,Break-Reason,Meet Legal Obligations,1,1,"🙋‍♂️ Hey _CLIENTNAME_ - great job not smoking on _DAY_OF_WEEK_!
That’s another step in keeping things on track. Before the week ends, check in and make sure everything looks right. 👇
📲 Catch up here: clear30://week-summary"
120,clear30,Break-Reason,Gain Mental Clarity,1,0,"🌤️ Hey _CLIENTNAME_ - congrats on making it through the week!
A new week is a fresh chance to boss up and clear your mind, stay sharp, and feel more present. Let us know how last week went and start fresh 👇
📲 clear30://check-in"
121,clear30,Break-Reason,Reduce Anxiety,1,0,"🌤️ Hey _CLIENTNAME_ - congrats on making it through the week!
A new week is a chance to build more calm, feel more in control, and keep stress from running the show. Let us know how last week went and start fresh 👇
📲 clear30://check-in"
122,clear30,Break-Reason,Reduce Depression,1,0,"🌤️ Hey _CLIENTNAME_ - congrats on making it through the week!
A new week means a new shot at feeling lighter, more energized, and more yourself. Let us know how last week went and start fresh 👇
📲 clear30://check-in"
123,clear30,Break-Reason,Reduce Being Stuck in Own Head,1,0,"🌤️ Hey _CLIENTNAME_ - congrats on making it through the week!
A new week is your chance to break out of the cycle, get unstuck, and feel more connected to what’s happening around you. Let us know how last week went and start fresh 👇
📲 clear30://check-in"
124,clear30,Break-Reason,Improve Sleep Quality,1,0,"🌤️ Hey _CLIENTNAME_ - congrats on making it through the week!
A new week is your chance to build even better sleep—more rest, better mornings, and real recovery. Let us know how last week went and start fresh 👇
📲 clear30://check-in"
125,clear30,Break-Reason,Improve Self-Control and Intention,1,0,"🌤️ Hey _CLIENTNAME_ - congrats on making it through the week!
A new week is a chance to stay in control, make choices that actually align with what you want, and keep building momentum. Let us know how last week went and start fresh 👇
📲 clear30://check-in"
126,clear30,Break-Reason,Reduce Dependency on Cannabis,1,0,"🌤️ Hey _CLIENTNAME_ - congrats on making it through the week!
A new week is another chance to loosen cannabis’ grip and take back control—your choices, your time, your energy. Let us know how last week went and start fresh 👇
📲 clear30://check-in"
127,clear30,Break-Reason,Explore Life Without Cannabis,1,0,"🌤️ Hey _CLIENTNAME_ - congrats on making it through the week!
A new week means more time to see what life looks like on your terms—no haze, just clarity and real experiences. Let us know how last week went and start fresh 👇
📲 clear30://check-in"
128,clear30,Break-Reason,Improve Overall Health,1,0,"🌤️ Hey _CLIENTNAME_ - congrats on making it through the week!
A new week is a chance to keep leveling up—stronger, clearer, and feeling better in your body. Let us know how last week went and start fresh 👇
📲 clear30://check-in"
129,clear30,Break-Reason,Improve Lung Health,1,0,"🌤️ Hey _CLIENTNAME_ - congrats on making it through the week!
A new week is another step toward cleaner lungs and easier breaths—every choice adds up. Let us know how last week went and start fresh 👇
📲 clear30://check-in"
130,clear30,Break-Reason,Increase Productivity,1,0,"📈 Hey _CLIENTNAME_ - congrats on making it through the week!
A new week is your shot to stay focused, get more done, and put your energy where it actually matters. Let us know how last week went and start fresh 👇
📲 clear30://check-in"
131,clear30,Break-Reason,Increase Motivation,1,0,"⚡ Hey _CLIENTNAME_ - congrats on making it through the week!
A new week is a chance to keep pushing forward, build momentum, and turn small wins into bigger moves. Let us know how last week went and start fresh 👇
📲 clear30://check-in"
132,clear30,Break-Reason,Save Money,1,0,"💵 Hey _CLIENTNAME_ - congrats on making it through the week!
A new week means more chances to stack your savings and keep that extra cash in your pocket. Let us know how last week went and start fresh 👇
📲 clear30://check-in"
133,clear30,Break-Reason,Improve Current Relationships,1,0,"🤝 Hey _CLIENTNAME_ - congrats on making it through the week!
A new week is a fresh start to show up more, connect better, and be more present with the people who matter. Let us know how last week went and start fresh 👇
📲 clear30://check-in"
134,clear30,Break-Reason,Enhance Social Connections,1,0,"🎉 Hey _CLIENTNAME_ - congrats on making it through the week!
A new week is your chance to open more doors, create real moments, and build the connections you want. Let us know how last week went and start fresh 👇
📲 clear30://check-in"
135,clear30,Break-Reason,Pass Work-Required Drug Test,1,0,"✅ Hey _CLIENTNAME_ - congrats on making it through the week!
A new week means getting one step closer to passing that test and locking in your next opportunity. Let us know how last week went and start fresh 👇
📲 clear30://check-in"
136,clear30,Break-Reason,Meet Legal Obligations,1,0,"📜 Hey _CLIENTNAME_ - congrats on making it through the week!
A new week is another step in staying on track, handling your business, and making real progress. Let us know how last week went and start fresh 👇
📲 clear30://check-in"
137,clear30,Break-Reason,Gain Mental Clarity,0,0,"🌤️ Hey _CLIENTNAME_ - congrats on making it through the week!
A new week is a fresh chance to boss up and clear your mind, stay sharp, and feel more present. Let us know how last week went and start fresh 👇
📲 clear30://check-in"
138,clear30,Break-Reason,Reduce Anxiety,0,0,"🌤️ Hey _CLIENTNAME_ - congrats on making it through the week!
A new week is a chance to build more calm, feel more in control, and keep stress from running the show. Let us know how last week went and start fresh 👇
📲 clear30://check-in"
139,clear30,Break-Reason,Reduce Depression,0,0,"🌤️ Hey _CLIENTNAME_ - congrats on making it through the week!
A new week means a new shot at feeling lighter, more energized, and more yourself. Let us know how last week went and start fresh 👇
📲 clear30://check-in"
140,clear30,Break-Reason,Reduce Being Stuck in Own Head,0,0,"🌤️ Hey _CLIENTNAME_ - congrats on making it through the week!
A new week is your chance to break out of the cycle, get unstuck, and feel more connected to what’s happening around you. Let us know how last week went and start fresh 👇
📲 clear30://check-in"
141,clear30,Break-Reason,Improve Sleep Quality,0,0,"🌤️ Hey _CLIENTNAME_ - congrats on making it through the week!
A new week is your chance to build even better sleep—more rest, better mornings, and real recovery. Let us know how last week went and start fresh 👇
📲 clear30://check-in"
142,clear30,Break-Reason,Improve Self-Control and Intention,0,0,"🌤️ Hey _CLIENTNAME_ - congrats on making it through the week!
A new week is a chance to stay in control, make choices that actually align with what you want, and keep building momentum. Let us know how last week went and start fresh 👇
📲 clear30://check-in"
143,clear30,Break-Reason,Reduce Dependency on Cannabis,0,0,"🌤️ Hey _CLIENTNAME_ - congrats on making it through the week!
A new week is another chance to loosen cannabis’ grip and take back control—your choices, your time, your energy. Let us know how last week went and start fresh 👇
📲 clear30://check-in"
144,clear30,Break-Reason,Explore Life Without Cannabis,0,0,"🌤️ Hey _CLIENTNAME_ - congrats on making it through the week!
A new week means more time to see what life looks like on your terms—no haze, just clarity and real experiences. Let us know how last week went and start fresh 👇
📲 clear30://check-in"
145,clear30,Break-Reason,Improve Overall Health,0,0,"🌤️ Hey _CLIENTNAME_ - congrats on making it through the week!
A new week is a chance to keep leveling up—stronger, clearer, and feeling better in your body. Let us know how last week went and start fresh 👇
📲 clear30://check-in"
146,clear30,Break-Reason,Improve Lung Health,0,0,"🌤️ Hey _CLIENTNAME_ - congrats on making it through the week!
A new week is another step toward cleaner lungs and easier breaths—every choice adds up. Let us know how last week went and start fresh 👇
📲 clear30://check-in"
147,clear30,Break-Reason,Increase Productivity,0,0,"📈 Hey _CLIENTNAME_ - congrats on making it through the week!
A new week is your shot to stay focused, get more done, and put your energy where it actually matters. Let us know how last week went and start fresh 👇
📲 clear30://check-in"
148,clear30,Break-Reason,Increase Motivation,0,0,"⚡ Hey _CLIENTNAME_ - congrats on making it through the week!
A new week is a chance to keep pushing forward, build momentum, and turn small wins into bigger moves. Let us know how last week went and start fresh 👇
📲 clear30://check-in"
149,clear30,Break-Reason,Save Money,0,0,"💵 Hey _CLIENTNAME_ - congrats on making it through the week!
A new week means more chances to stack your savings and keep that extra cash in your pocket. Let us know how last week went and start fresh 👇
📲 clear30://check-in"
150,clear30,Break-Reason,Improve Current Relationships,0,0,"🤝 Hey _CLIENTNAME_ - congrats on making it through the week!
A new week is a fresh start to show up more, connect better, and be more present with the people who matter. Let us know how last week went and start fresh 👇
📲 clear30://check-in"
151,clear30,Break-Reason,Enhance Social Connections,0,0,"🎉 Hey _CLIENTNAME_ - congrats on making it through the week!
A new week is your chance to open more doors, create real moments, and build the connections you want. Let us know how last week went and start fresh 👇
📲 clear30://check-in"
152,clear30,Break-Reason,Pass Work-Required Drug Test,0,0,"✅ Hey _CLIENTNAME_ - congrats on making it through the week!
A new week means getting one step closer to passing that test and locking in your next opportunity. Let us know how last week went and start fresh 👇
📲 clear30://check-in"
153,clear30,Break-Reason,Meet Legal Obligations,0,0,"📜 Hey _CLIENTNAME_ - congrats on making it through the week!
A new week is another step in staying on track, handling your business, and making real progress. Let us know how last week went and start fresh 👇
📲 clear30://check-in"
154,life,LO-Use-State,I want to stop entirely,6,7,"🔥 Locked in all week, _CLIENTNAME_!

Zero days smoking. Every day, a win. That kind of focus changes everything.

Take a sec to see how far you’ve come.

🌟 Check out your End of Week Summary: clear30://week-summary"
155,life,LO-Use-State,I want to stop entirely,6,4,"Hey _CLIENTNAME_!

Great job checking in and showing up to the challenge.

🌟View your End of Week Summary: clear30://week-summary"
156,life,LO-Use-State,I want to stop entirely,6,1,"🕺 You showed up this week, _CLIENTNAME_!

You had _SOBER_ smoke-free days, and that’s something to build on. The effort you put in this week is already shaping what comes next.

🔄 A new week is a chance to take it further. Keep what worked, adjust what didn’t, and step into Monday ready.

🌟 Check out your End of Week Summary & set yourself up for next week: clear30://week-summary"
157,life,LO-Use-State,I want to stop entirely,6,0,"🫡 You stuck with it, _CLIENTNAME_.

You smoked every day—but you also showed up, checked in, and built a habit. That’s huge.

Now it’s just about shifting where that effort goes. Same habit, same check-ins—just aiming for more no-smoke days. You’ve already built the routine. Now, let’s tweak it.

🌟 See your End of Week Summary & get ready to lock in next week: clear30://week-summary"
158,life,LO-Use-State,I want to stop entirely,4,4,"🥳 Hey _CLIENTNAME_ - great job Clear30’ing this week!

You checked in _CHECKED_IN_ times and had _SOBER_ no-smoke days—we see you putting in the effort.

Let’s close out the week—let us know how the rest of it went below 👇

📲 clear30://check-in"
159,life,LO-Use-State,I want to stop entirely,4,0,"🤩 Hey _CLIENTNAME_ - great job Clear30’ing this week!

You checked in _CHECKED_IN_ times, and that kind of consistency makes a difference. Even on the tough days, you showed up. 

Let’s wrap it up - let us know how the rest of the week went below 👇

📲 clear30://check-in"
160,life,LO-Use-State,I want to stop entirely,1,1,"🙋‍♂️ Hey _CLIENTNAME_ - great job not smoking on _DAY_OF_WEEK_!

You're putting yourself first and staying on track. To help us with your end of the week summary can you make sure everything looks right below? 👇

📲 Catch up here: clear30://week-summary"
161,,,,,,"Hey _CLIENTNAME_ _EMOJI_,
✨ Claire here, let’s take a look at how you did last week! ☺️

_SOBER_
_CHECKED_IN_
_CUSTOM_

_MESSAGE_

Want the full breakdown? Your detailed summary is waiting in the app!
👉 clear30://week-summary"