id,day,program,text,question_id,question_response,variant_id,variant_conditions,hour_utc,active,created_at,updated_at
1,0,clear30,"Hey _CLIENTNAME_ – congrats on starting your Clear30 journey! My name’s Gerard. I used to smoke every day, but I was able to stop — I haven’t smoked in over 11 months now.
I’m here if you have any questions or just want to talk things through. I’ll only reply when you message me first, and while it might not be right away, I’ll always get back to you as soon as I can.",,,,,16,false,2026-02-09 22:24:31.752518+00,2026-02-09 22:24:31.752518+00
2,0,life,"Hey _CLIENTNAME_, this is Gerard from Clear30, congrats on starting your weed tracking journey! Just wanted to reach out and let you know that I’m here if you need anything / have any questions!",,,,,16,false,2026-02-09 22:24:31.752518+00,2026-02-09 22:24:31.752518+00
17,29,clear30,"Hey _CLIENTNAME_, you're almost there! Just one day left 🔥

We're collecting video testimonials from people who are finishing the clear30 - because your story might be what helps someone else believe they can do it too.

What we're asking:
🎥 3-5 min video
💬 Just you talking about your experience
💰 $25 via Venmo/PayPal/Zelle
⭐️ Click the ""Share Your Story"" button in the Support tab to get started!

Questions? Just reply to this!
 - Gerard",,,,,16,true,2026-02-16 18:24:07.326442+00,2026-02-16 18:24:07.326442+00
18,3,clear30,"Hi _CLIENTNAME_,

Feeling mentally cluttered? Try a ""brain dump"" tonight. 📝

Before bed, jot down all your thoughts and to-dos. Getting it out on paper can help you wake up with a clearer mind.

If you have any questions or need anything, just reply!",Break-Reason,Gain Mental Clarity,,,16,true,2026-04-17 16:14:33.459384+00,2026-04-17 16:14:33.459384+00
19,3,clear30,"Hi _CLIENTNAME_,

Mind racing? Let's declutter it together! 🧠

Try this: Write down your worries on paper, then sort them into ""Can Control"" and ""Can't Control."" It's a powerful way to focus your energy where it matters most.

If you have any questions or need anything, just reply!",Break-Reason,Reduce Anxiety,,,16,true,2026-04-17 16:14:33.459384+00,2026-04-17 16:14:33.459384+00
20,3,clear30,"Hi _CLIENTNAME_,

Feeling down? Let's lift your spirits together! 🌅

Try a ""Gratitude Journal"":

Tonight, write down 3 things you're thankful for—even small things like a good cup of coffee or a kind gesture. It's a simple way to refocus on the positives and brighten your mood.

If you have any questions or need anything, just reply!",Break-Reason,Reduce Depression,,,16,true,2026-04-17 16:14:33.459384+00,2026-04-17 16:14:33.459384+00
21,3,clear30,"Hi _CLIENTNAME_,

Need a mental escape? ""Box Breathing"" can help 📦

Inhale for 4 seconds ➡️ Hold for 4 ➡️ Exhale for 4 ➡️ Hold for 4. Repeat. It's a powerful way to calm your mind and reset your thoughts.

If you have any questions or need anything, just reply!",Break-Reason,Reduce Being Stuck in Own Head,,,16,true,2026-04-17 16:14:33.459384+00,2026-04-17 16:14:33.459384+00
22,3,clear30,"Hi _CLIENTNAME_,

Trouble drifting off? Try the ""Military Method"" 💤

Relax your face muscles, drop your shoulders, exhale, and imagine a calm scene. Many nod off in under 2 minutes!

If you have any questions or need anything, just reply!",Break-Reason,Improve Sleep Quality,,,16,true,2026-04-17 16:14:33.459384+00,2026-04-17 16:14:33.459384+00
23,3,clear30,"Hi _CLIENTNAME_,

Looking for an easy way to build self-control? Try ""Habit Stacking""! 🧱

Attach a new habit to something you already do. For example: After brewing your morning coffee, spend 2 minutes setting your daily intentions. Small shifts like this make new habits stick effortlessly.

If you have any questions or need anything, just reply!",Break-Reason,Improve Self-Control and Intention,,,16,true,2026-04-17 16:14:33.459384+00,2026-04-17 16:14:33.459384+00
24,3,clear30,"Hi _CLIENTNAME_,

Ready to take control? Let's take the first step together! 🚶‍♂️

Try ""Delay and Distract"":

When you feel the urge, set a timer for 15 minutes and do something you enjoy—like a hobby or a quick workout. By the time the timer ends, the craving often fades.

If you have any questions or need anything, just reply!",Break-Reason,Reduce Dependency on Cannabis,,,16,true,2026-04-17 16:14:33.459384+00,2026-04-17 16:14:33.459384+00
25,3,clear30,"Hi _CLIENTNAME_,

Did you know your brain thrives on new experiences? 🧠✨

Try ""Neuroplasticity Journaling"":

Each day, write down one new thing you tried without cannabis. It's a great way to discover just how rich and rewarding life can be!

If you have any questions or need anything, just reply!",Break-Reason,Explore Life Without Cannabis,,,16,true,2026-04-17 16:14:33.459384+00,2026-04-17 16:14:33.459384+00
26,3,clear30,"Hi _CLIENTNAME_,

Did you know ending your shower with cold water can invigorate your body and mind? ❄️🚿

A quick burst of cold water can boost circulation and leave you feeling more alert. Try it out and see the difference!

If you have any questions or need anything, just reply!",Break-Reason,Improve Overall Health,,,16,true,2026-04-17 16:14:33.459384+00,2026-04-17 16:14:33.459384+00
27,3,clear30,"Hi _CLIENTNAME_,

Want stronger lungs? Let's ""Breathe Deep"" together! 🌬️🧘‍♂️

Try this diaphragmatic breathing exercise:

Place one hand on your chest and one on your belly. Slowly inhale through your nose, letting your belly rise. Exhale through pursed lips. It's a great way to strengthen your lungs and relax your body.

If you have any questions or need anything, just reply!",Break-Reason,Improve Lung Health,,,16,true,2026-04-17 16:14:33.459384+00,2026-04-17 16:14:33.459384+00
28,3,clear30,"Hi _CLIENTNAME_,

Struggling to start big tasks? Let's make it easier! 🧠✨

Try the ""Zeigarnik Effect"":

Start a task for just 5 minutes. Your brain loves closure, so getting started makes finishing much easier. Give it a go and see the magic!

If you have any questions or need anything, just reply!",Break-Reason,Increase Productivity,,,16,true,2026-04-17 16:14:33.459384+00,2026-04-17 16:14:33.459384+00
29,3,clear30,"Hi _CLIENTNAME_,

Looking for a motivation boost? Let's ""Eat the Frog""! 🐸✨

Start your day by tackling your most challenging task. Knocking it out early sets a positive tone and fuels your momentum all day long.

If you have any questions or need anything, just reply!",Break-Reason,Increase Motivation,,,16,true,2026-04-17 16:14:33.459384+00,2026-04-17 16:14:33.459384+00
30,3,clear30,"Hi _CLIENTNAME_,

Want to see your savings grow effortlessly? 🌱💰

Try the ""Invisible Money"" trick:

Every time you skip buying weed, transfer that amount into a savings account. Watching your savings grow can be a great motivator!

If you have any questions or need anything, just reply!",Break-Reason,Save Money,,,16,true,2026-04-17 16:14:33.459384+00,2026-04-17 16:14:33.459384+00
31,3,clear30,"Hi _CLIENTNAME_,

Ever heard of ""Emotional Bank Accounts""? Let's start making deposits! 🏦😊

Simple acts—like giving a sincere compliment or offering a helping hand—can build trust and strengthen relationships over time.

If you have any questions or need anything, just reply!",Break-Reason,Improve Current Relationships,,,16,true,2026-04-17 16:14:33.459384+00,2026-04-17 16:14:33.459384+00
32,3,clear30,"Hi _CLIENTNAME_,

Feeling alone? Let's create connections that matter! 🤗💫

Try the ""Reach Out Challenge"":

Send a message to someone you haven't talked to in a while. Rekindling old friendships can bring more joy to your day—and theirs.

If you have any questions or need anything, just reply!",Break-Reason,Enhance Social Connections,,,16,true,2026-04-17 16:14:33.459384+00,2026-04-17 16:14:33.459384+00
33,10,clear30,"Hey _CLIENTNAME_, it's Gerard.

10 days in, no smoking at all - that's huge. Seriously, I'm so excited for you. You're really doing this, and I hope you're taking a second to be proud of yourself.

If you wanna celebrate, share how you're feeling, or just say what's up, I'm here. Message me anytime :)",,,day10-1,"{""sober_days"":{""min"":10},""check_in_days"":{""min"":10}}",16,true,2026-04-17 16:14:33.459384+00,2026-04-17 16:14:33.459384+00
34,10,clear30,"Hey _CLIENTNAME_ its Gerard. It's great to see you so commited and checking in everyday.

You're a third of the way through your clear30 break and have stayed commited through the toughest part - congrats on really starting to build this new habit :)

You can reply if you have any questions or just wanna celebrate with me and take a moment to be proud of yourself.",,,day10-2,"{""check_in_days"":{""min"":10}}",16,true,2026-04-17 16:14:33.459384+00,2026-04-17 16:14:33.459384+00
35,10,clear30,"Hey _CLIENTNAME_, it's Gerard.

You're 10 days in, and you've been showing up for yourself again and again. That's real consistency.

Hope you're feeling good about your progress. If there's anything on your mind or you just wanna check in, I'm here. :)",,,day10-3,"{""check_in_days"":{""max"":9,""min"":7}}",16,true,2026-04-17 16:14:33.459384+00,2026-04-17 16:14:33.459384+00
36,10,clear30,"Hey _CLIENTNAME_, it's Gerard.

10 days in, and you've been checking in! That's something. Staying aware is what keeps you moving forward.

If you're trying to get into a better rhythm, checking in daily can really help. No pressure - just a quick way to stay on track.

Tap in whenever you're ready. I'm here if you ever wanna check in or talk things through. :)",,,day10-4,"{""check_in_days"":{""max"":6,""min"":3}}",16,true,2026-04-17 16:14:33.459384+00,2026-04-17 16:14:33.459384+00
37,10,clear30,"Hey _CLIENTNAME_, it's Gerard.

10 days in already. You've checked in a couple times so far, and I know it can be tough to keep up. But checking in is one of the best ways to stay aware and on track.

If now feels like a good time to reset, I'm here. No judgment, no stress - just a chance to check in and see where you're at.

Tap in whenever you're ready. :)",,,day10-5,"{""check_in_days"":{""max"":2,""min"":1}}",16,true,2026-04-17 16:14:33.459384+00,2026-04-17 16:14:33.459384+00
38,10,clear30,"Hey _CLIENTNAME_, it's Gerard.

I noticed you haven't checked in yet, and that's totally okay. Clear30 is here whenever you're ready. Even a quick check-in can help you stay aware and see where you're at.

If now feels like a good time to start, I'm here. No pressure - just a small step whenever you're ready. :)",,,day10-6,"{""check_in_days"":{""max"":0,""min"":0}}",16,true,2026-04-17 16:14:33.459384+00,2026-04-17 16:14:33.459384+00